{
	"name": "Список событий 1",
	"events": [
		{
			"eventType": "block",
			"conditions": [
				{
					"id": "on-collision-with-another-object",
					"objectClass": "Player",
					"sid": 849438167532814,
					"parameters": {
						"object": "Coin"
					}
				}
			],
			"actions": [
				{
					"id": "destroy",
					"objectClass": "Coin",
					"sid": 106186880877062
				},
				{
					"id": "add-to-instvar",
					"objectClass": "Текст",
					"sid": 534926348453552,
					"parameters": {
						"instance-variable": "СчётчикМонет",
						"value": "1"
					}
				},
				{
					"id": "set-text",
					"objectClass": "Текст",
					"sid": 249448086434209,
					"parameters": {
						"text": "Текст.СчётчикМонет"
					}
				}
			],
			"sid": 727610266750148
		},
		{
			"eventType": "block",
			"conditions": [
				{
					"id": "on-collision-with-another-object",
					"objectClass": "Spike",
					"sid": 801262214512913,
					"parameters": {
						"object": "Player"
					}
				}
			],
			"actions": [
				{
					"id": "add-to-instvar",
					"objectClass": "ТайловыйФон",
					"sid": 419814226837421,
					"parameters": {
						"instance-variable": "Жизни",
						"value": "-1"
					}
				},
				{
					"id": "set-width",
					"objectClass": "ТайловыйФон",
					"sid": 384356047400032,
					"parameters": {
						"width": "ТайловыйФон.Width-37"
					}
				},
				{
					"id": "flash",
					"objectClass": "Player",
					"sid": 107637155177450,
					"behaviorType": "Мигание",
					"parameters": {
						"on-time": "0.1",
						"off-time": "0.1",
						"duration": "2.0"
					}
				}
			],
			"sid": 456830597078016
		},
		{
			"eventType": "block",
			"conditions": [
				{
					"id": "on-collision-with-another-object",
					"objectClass": "Player",
					"sid": 234522403343361,
					"parameters": {
						"object": "Heal"
					}
				}
			],
			"actions": [
				{
					"id": "set-size",
					"objectClass": "Player",
					"sid": 790403902148521,
					"parameters": {
						"width": "150",
						"height": "180"
					}
				},
				{
					"id": "destroy",
					"objectClass": "Heal",
					"sid": 573805910062753
				}
			],
			"sid": 484317322214307
		},
		{
			"eventType": "block",
			"conditions": [
				{
					"id": "compare-instance-variable",
					"objectClass": "ТайловыйФон",
					"sid": 484625833071723,
					"parameters": {
						"instance-variable": "Жизни",
						"comparison": 3,
						"value": "0"
					}
				}
			],
			"actions": [
				{
					"id": "set-animation",
					"objectClass": "Player",
					"sid": 373147089339071,
					"parameters": {
						"animation": "\"Смерть\"",
						"from": "beginning"
					}
				},
				{
					"id": "wait",
					"objectClass": "System",
					"sid": 437146937599606,
					"parameters": {
						"seconds": "2.0"
					}
				},
				{
					"id": "restart-layout",
					"objectClass": "System",
					"sid": 433319372956188
				}
			],
			"sid": 390040356446655
		},
		{
			"eventType": "block",
			"conditions": [
				{
					"id": "on-collision-with-another-object",
					"objectClass": "Player",
					"sid": 802697105986089,
					"parameters": {
						"object": "oneshotspike"
					}
				}
			],
			"actions": [
				{
					"id": "add-to-instvar",
					"objectClass": "ТайловыйФон",
					"sid": 208990446661401,
					"parameters": {
						"instance-variable": "Жизни",
						"value": "-3"
					}
				},
				{
					"id": "set-width",
					"objectClass": "ТайловыйФон",
					"sid": 914888847645189,
					"parameters": {
						"width": "ТайловыйФон.Width=0"
					}
				}
			],
			"sid": 770650592062214
		},
		{
			"eventType": "block",
			"conditions": [
				{
					"id": "on-collision-with-another-object",
					"objectClass": "Player",
					"sid": 852394277127842,
					"parameters": {
						"object": "Heart"
					}
				}
			],
			"actions": [
				{
					"id": "add-to-instvar",
					"objectClass": "ТайловыйФон",
					"sid": 988323495755003,
					"parameters": {
						"instance-variable": "Жизни",
						"value": "1"
					}
				},
				{
					"id": "set-width",
					"objectClass": "ТайловыйФон",
					"sid": 988693005978743,
					"parameters": {
						"width": "ТайловыйФон.Width+37"
					}
				},
				{
					"id": "destroy",
					"objectClass": "Heart",
					"sid": 618955035853461
				}
			],
			"sid": 511206726212857
		},
		{
			"eventType": "block",
			"conditions": [
				{
					"id": "on-collision-with-another-object",
					"objectClass": "Player",
					"sid": 449115594775845,
					"parameters": {
						"object": "враг"
					}
				},
				{
					"id": "is-flashing",
					"objectClass": "Player",
					"sid": 169773453623860,
					"behaviorType": "Мигание",
					"isInverted": true
				}
			],
			"actions": [
				{
					"id": "flash",
					"objectClass": "Player",
					"sid": 216932502869090,
					"behaviorType": "Мигание",
					"parameters": {
						"on-time": "0.1",
						"off-time": "0.1",
						"duration": "2.0"
					}
				},
				{
					"id": "set-width",
					"objectClass": "ТайловыйФон",
					"sid": 392598495714963,
					"parameters": {
						"width": "ТайловыйФон.Width-37"
					}
				},
				{
					"id": "shake",
					"objectClass": "Player",
					"sid": 927256554708578,
					"behaviorType": "СледитьЗа",
					"parameters": {
						"magnitude": "40",
						"duration": "0.8",
						"mode": "reducing-magnitude"
					}
				}
			],
			"sid": 855462346905718
		},
		{
			"eventType": "block",
			"conditions": [
				{
					"id": "on-collision-with-another-object",
					"objectClass": "Player",
					"sid": 799239012529361,
					"parameters": {
						"object": "зельеУменьшения"
					}
				}
			],
			"actions": [
				{
					"id": "set-size",
					"objectClass": "Player",
					"sid": 431976472227020,
					"parameters": {
						"width": "32.5",
						"height": "45"
					}
				},
				{
					"id": "destroy",
					"objectClass": "зельеУменьшения",
					"sid": 278291397971774
				}
			],
			"sid": 181738759760679
		},
		{
			"eventType": "block",
			"conditions": [
				{
					"id": "compare-width",
					"objectClass": "ТайловыйФон",
					"sid": 483673338280986,
					"parameters": {
						"comparison": 3,
						"width": "0"
					}
				}
			],
			"actions": [
				{
					"id": "set-animation",
					"objectClass": "Player",
					"sid": 529400558837387,
					"parameters": {
						"animation": "\"Смерть\"",
						"from": "beginning"
					}
				},
				{
					"id": "wait",
					"objectClass": "System",
					"sid": 348970850188904,
					"parameters": {
						"seconds": "2.0"
					}
				},
				{
					"id": "restart-layout",
					"objectClass": "System",
					"sid": 103522522733704
				}
			],
			"sid": 440360821530831
		},
		{
			"eventType": "block",
			"conditions": [
				{
					"id": "compare-two-values",
					"objectClass": "System",
					"sid": 975431496793767,
					"parameters": {
						"first-value": "Player.X",
						"comparison": 2,
						"second-value": "бешенныйВраг.X"
					}
				}
			],
			"actions": [
				{
					"id": "simulate-control",
					"objectClass": "бешенныйВраг",
					"sid": 351136863988226,
					"behaviorType": "Платформер",
					"parameters": {
						"control": "left"
					}
				},
				{
					"id": "set-mirrored",
					"objectClass": "бешенныйВраг",
					"sid": 777114241468678,
					"parameters": {
						"state": "not-mirrored"
					}
				}
			],
			"sid": 441927634984175
		},
		{
			"eventType": "block",
			"conditions": [
				{
					"id": "compare-two-values",
					"objectClass": "System",
					"sid": 401410729291225,
					"parameters": {
						"first-value": "Player.X",
						"comparison": 4,
						"second-value": "бешенныйВраг.X"
					}
				}
			],
			"actions": [
				{
					"id": "simulate-control",
					"objectClass": "бешенныйВраг",
					"sid": 787335181946138,
					"behaviorType": "Платформер",
					"parameters": {
						"control": "right"
					}
				},
				{
					"id": "set-mirrored",
					"objectClass": "бешенныйВраг",
					"sid": 191416010057603,
					"parameters": {
						"state": "mirrored"
					}
				}
			],
			"sid": 672746753964774
		},
		{
			"eventType": "block",
			"conditions": [
				{
					"id": "on-collision-with-another-object",
					"objectClass": "Player",
					"sid": 834784070177359,
					"parameters": {
						"object": "portal2"
					}
				}
			],
			"actions": [
				{
					"id": "go-to-nextprevious-layout",
					"objectClass": "System",
					"sid": 233454054548500,
					"parameters": {
						"which": "next"
					}
				}
			],
			"sid": 652139387974179
		},
		{
			"eventType": "block",
			"conditions": [
				{
					"id": "on-collision-with-another-object",
					"objectClass": "Player",
					"sid": 486992866018917,
					"parameters": {
						"object": "бешенныйВраг"
					}
				},
				{
					"id": "is-flashing",
					"objectClass": "Player",
					"sid": 370236410480794,
					"behaviorType": "Мигание",
					"isInverted": true
				}
			],
			"actions": [
				{
					"id": "flash",
					"objectClass": "Player",
					"sid": 131260627949075,
					"behaviorType": "Мигание",
					"parameters": {
						"on-time": "0.1",
						"off-time": "0.1",
						"duration": "2.0"
					}
				},
				{
					"id": "set-width",
					"objectClass": "ТайловыйФон",
					"sid": 762668904163344,
					"parameters": {
						"width": "ТайловыйФон.Width-37"
					}
				},
				{
					"id": "shake",
					"objectClass": "Player",
					"sid": 155248789801966,
					"behaviorType": "СледитьЗа",
					"parameters": {
						"magnitude": "35",
						"duration": "0.7",
						"mode": "reducing-magnitude"
					}
				}
			],
			"sid": 639011905778740
		},
		{
			"eventType": "block",
			"conditions": [
				{
					"id": "on-key-pressed",
					"objectClass": "Клавиатура",
					"sid": 300801614304203,
					"parameters": {
						"key": 37
					}
				}
			],
			"actions": [
				{
					"id": "set-mirrored",
					"objectClass": "Player",
					"sid": 339989053903059,
					"parameters": {
						"state": "mirrored"
					}
				}
			],
			"sid": 921245556189112
		},
		{
			"eventType": "block",
			"conditions": [
				{
					"id": "on-key-pressed",
					"objectClass": "Клавиатура",
					"sid": 657213234547699,
					"parameters": {
						"key": 39
					}
				}
			],
			"actions": [
				{
					"id": "set-mirrored",
					"objectClass": "Player",
					"sid": 748010829254213,
					"parameters": {
						"state": "not-mirrored"
					}
				}
			],
			"sid": 348281780285739
		},
		{
			"eventType": "block",
			"conditions": [
				{
					"id": "on-collision-with-another-object",
					"objectClass": "Player",
					"sid": 515138788438212,
					"parameters": {
						"object": "SecretPortal"
					}
				}
			],
			"actions": [
				{
					"id": "go-to-layout",
					"objectClass": "System",
					"sid": 562891228578782,
					"parameters": {
						"layout": "Secret level 1"
					}
				}
			],
			"sid": 194594393737733
		},
		{
			"eventType": "block",
			"conditions": [
				{
					"id": "on-collision-with-another-object",
					"objectClass": "Player",
					"sid": 639183763367765,
					"parameters": {
						"object": "Secretportal2"
					}
				}
			],
			"actions": [
				{
					"id": "go-to-layout",
					"objectClass": "System",
					"sid": 535669490356042,
					"parameters": {
						"layout": "Secret level 2"
					}
				}
			],
			"sid": 961800447848813
		},
		{
			"eventType": "block",
			"conditions": [
				{
					"id": "on-collision-with-another-object",
					"objectClass": "Player",
					"sid": 158722354292950,
					"parameters": {
						"object": "backportal"
					}
				}
			],
			"actions": [
				{
					"id": "go-to-layout",
					"objectClass": "System",
					"sid": 360704646443972,
					"parameters": {
						"layout": "Level 2"
					}
				}
			],
			"sid": 360080151788838
		},
		{
			"eventType": "block",
			"conditions": [
				{
					"id": "on-collision-with-another-object",
					"objectClass": "Player",
					"sid": 133164998793914,
					"parameters": {
						"object": "backportal2"
					}
				}
			],
			"actions": [
				{
					"id": "go-to-layout",
					"objectClass": "System",
					"sid": 183977441665964,
					"parameters": {
						"layout": "Level 3"
					}
				}
			],
			"sid": 413171775819587
		},
		{
			"eventType": "block",
			"conditions": [
				{
					"id": "on-moved",
					"objectClass": "Player",
					"sid": 201592796974790,
					"behaviorType": "Платформер"
				}
			],
			"actions": [
				{
					"id": "set-animation",
					"objectClass": "Player",
					"sid": 156549471701290,
					"parameters": {
						"animation": "\"Ходьба\"",
						"from": "beginning"
					}
				}
			],
			"sid": 701422705994968
		},
		{
			"eventType": "block",
			"conditions": [
				{
					"id": "on-stopped",
					"objectClass": "Player",
					"sid": 648352794799685,
					"behaviorType": "Платформер"
				}
			],
			"actions": [
				{
					"id": "set-animation",
					"objectClass": "Player",
					"sid": 955750519903094,
					"parameters": {
						"animation": "\"Стоит\"",
						"from": "beginning"
					}
				}
			],
			"sid": 219047532836889
		},
		{
			"eventType": "block",
			"conditions": [
				{
					"id": "on-jump",
					"objectClass": "Player",
					"sid": 480842797040856,
					"behaviorType": "Платформер"
				}
			],
			"actions": [
				{
					"id": "set-animation",
					"objectClass": "Player",
					"sid": 373430093047521,
					"parameters": {
						"animation": "\"Прыжок\"",
						"from": "beginning"
					}
				}
			],
			"sid": 373533305760348
		},
		{
			"eventType": "block",
			"conditions": [
				{
					"id": "on-landed",
					"objectClass": "Player",
					"sid": 216045876366712,
					"behaviorType": "Платформер"
				},
				{
					"id": "is-moving",
					"objectClass": "Player",
					"sid": 703267289350371,
					"behaviorType": "Платформер",
					"isInverted": true
				}
			],
			"actions": [
				{
					"id": "set-animation",
					"objectClass": "Player",
					"sid": 639154576636066,
					"parameters": {
						"animation": "\"Стоит\"",
						"from": "beginning"
					}
				}
			],
			"sid": 395393052178964
		},
		{
			"eventType": "block",
			"conditions": [
				{
					"id": "on-landed",
					"objectClass": "Player",
					"sid": 150989668184022,
					"behaviorType": "Платформер"
				},
				{
					"id": "is-moving",
					"objectClass": "Player",
					"sid": 966744550689682,
					"behaviorType": "Платформер"
				}
			],
			"actions": [
				{
					"id": "set-animation",
					"objectClass": "Player",
					"sid": 853898472224536,
					"parameters": {
						"animation": "\"Ходьба\"",
						"from": "beginning"
					}
				}
			],
			"sid": 442287548342808
		},
		{
			"eventType": "block",
			"conditions": [
				{
					"id": "on-key-pressed",
					"objectClass": "Клавиатура",
					"sid": 590780055344506,
					"parameters": {
						"key": 32
					}
				},
				{
					"id": "is-mirrored",
					"objectClass": "Player",
					"sid": 718118672594377,
					"isInverted": true
				}
			],
			"actions": [
				{
					"id": "spawn-another-object",
					"objectClass": "Player",
					"sid": 346255572464145,
					"parameters": {
						"object": "кинжалправ",
						"layer": "0",
						"image-point": "0",
						"create-hierarchy": false
					}
				}
			],
			"sid": 369667746127023
		},
		{
			"eventType": "block",
			"conditions": [
				{
					"id": "on-key-pressed",
					"objectClass": "Клавиатура",
					"sid": 626239628602446,
					"parameters": {
						"key": 32
					}
				},
				{
					"id": "is-mirrored",
					"objectClass": "Player",
					"sid": 112871999339052
				}
			],
			"actions": [
				{
					"id": "spawn-another-object",
					"objectClass": "Player",
					"sid": 160336304746716,
					"parameters": {
						"object": "кинжаллев",
						"layer": "0",
						"image-point": "0",
						"create-hierarchy": false
					}
				},
				{
					"id": "set-angle-of-motion",
					"objectClass": "кинжаллев",
					"sid": 644457791372894,
					"behaviorType": "Пуля",
					"parameters": {
						"angle": "180"
					}
				}
			],
			"sid": 930824937827925
		},
		{
			"eventType": "block",
			"conditions": [
				{
					"id": "on-collision-with-another-object",
					"objectClass": "кинжаллев",
					"sid": 257046694335307,
					"parameters": {
						"object": "Ground6"
					}
				}
			],
			"actions": [
				{
					"id": "destroy",
					"objectClass": "кинжаллев",
					"sid": 569553811050319
				}
			],
			"sid": 378182768046599
		},
		{
			"eventType": "block",
			"conditions": [
				{
					"id": "on-collision-with-another-object",
					"objectClass": "кинжалправ",
					"sid": 514434178176233,
					"parameters": {
						"object": "Ground6"
					}
				}
			],
			"actions": [
				{
					"id": "destroy",
					"objectClass": "кинжалправ",
					"sid": 681838516532458
				}
			],
			"sid": 863056305244394
		},
		{
			"eventType": "block",
			"conditions": [
				{
					"id": "on-collision-with-another-object",
					"objectClass": "кинжаллев",
					"sid": 154451990199557,
					"parameters": {
						"object": "GroundMiddle"
					}
				}
			],
			"actions": [
				{
					"id": "destroy",
					"objectClass": "кинжаллев",
					"sid": 901487871429795
				}
			],
			"sid": 215494189849542
		},
		{
			"eventType": "block",
			"conditions": [
				{
					"id": "on-collision-with-another-object",
					"objectClass": "кинжалправ",
					"sid": 895933466333923,
					"parameters": {
						"object": "GroundMiddle"
					}
				}
			],
			"actions": [
				{
					"id": "destroy",
					"objectClass": "кинжалправ",
					"sid": 557853997137844
				}
			],
			"sid": 471658279614547
		},
		{
			"eventType": "block",
			"conditions": [
				{
					"id": "on-collision-with-another-object",
					"objectClass": "кинжаллев",
					"sid": 597470611984591,
					"parameters": {
						"object": "бешенныйВраг"
					}
				}
			],
			"actions": [
				{
					"id": "destroy",
					"objectClass": "кинжаллев",
					"sid": 906261000208482
				},
				{
					"id": "set-enabled",
					"objectClass": "бешенныйВраг",
					"sid": 524053911433222,
					"behaviorType": "Платформер",
					"parameters": {
						"state": "disabled"
					}
				}
			],
			"sid": 172096757805139
		},
		{
			"eventType": "block",
			"conditions": [
				{
					"id": "on-collision-with-another-object",
					"objectClass": "кинжалправ",
					"sid": 297507975185624,
					"parameters": {
						"object": "бешенныйВраг"
					}
				}
			],
			"actions": [
				{
					"id": "destroy",
					"objectClass": "кинжалправ",
					"sid": 109253665129715
				},
				{
					"id": "set-enabled",
					"objectClass": "бешенныйВраг",
					"sid": 837814654144183,
					"behaviorType": "Платформер",
					"parameters": {
						"state": "disabled"
					}
				}
			],
			"sid": 440892612154518
		},
		{
			"eventType": "block",
			"conditions": [
				{
					"id": "on-object-clicked",
					"objectClass": "Мышь",
					"sid": 886702107050006,
					"parameters": {
						"mouse-button": "left",
						"click-type": "clicked",
						"object-clicked": "Перезагрузка"
					}
				}
			],
			"actions": [
				{
					"id": "restart-layout",
					"objectClass": "System",
					"sid": 533316948648712
				}
			],
			"sid": 989347823758833
		},
		{
			"eventType": "block",
			"conditions": [
				{
					"id": "on-key-pressed",
					"objectClass": "Клавиатура",
					"sid": 159679314682893,
					"parameters": {
						"key": 32
					}
				},
				{
					"id": "is-on-floor",
					"objectClass": "Player",
					"sid": 749177891999735,
					"behaviorType": "Платформер",
					"isInverted": true
				}
			],
			"actions": [
				{
					"id": "spawn-another-object",
					"objectClass": "Player",
					"sid": 217100322483802,
					"parameters": {
						"object": "Кинжалвверх",
						"layer": "0",
						"image-point": "0",
						"create-hierarchy": false
					}
				},
				{
					"id": "set-angle-of-motion",
					"objectClass": "Кинжалвверх",
					"sid": 388279848597354,
					"behaviorType": "Пуля",
					"parameters": {
						"angle": "270"
					}
				}
			],
			"sid": 375179919010209
		}
	],
	"sid": 287399447975837
}