{"propertiesBar":{"properties":[{"name":"Макет","expanded":true,"children":[{"name":"Размер","expanded":false,"children":[]},{"name":"Точка схода","expanded":false,"children":[]}]},{"name":"Эффекты","expanded":true,"children":[]},{"name":"Редактор","expanded":true,"children":[{"name":"Граница экрана","expanded":false,"children":[]},{"name":"Размер сетки","expanded":false,"children":[]},{"name":"Смещение сетки","expanded":false,"children":[]}]}],"scrollPosition":0},"layersBar":{"name":"<root>","children":[{"name":"Paralacs","expanded":true,"children":[]},{"name":"Main","expanded":true,"children":[]}]},"grid":{"show":true,"snap":true,"width":37,"height":37,"offsetX":0,"offsetY":0},"marginWidth":1000,"marginHeight":1000,"showCollisionPolygons":false,"showMeshes":false,"showTranslucentInactiveLayers":true,"showSceneGraphConnections":true,"tabColor":[0.9999999999999999,0.95,0.8000000000000002,1],"tabTextColor":null,"layers":[{"name":"Main","propertiesBar":{"properties":[{"name":"Свойства слоя","expanded":true,"children":[]},{"name":"Прокрутка и масштабирование","expanded":true,"children":[{"name":"Параллакс","expanded":false,"children":[]}]},{"name":"Внешность","expanded":true,"children":[]},{"name":"Эффекты","expanded":true,"children":[]},{"name":"Редактор","expanded":true,"children":[]}],"scrollPosition":0},"visibleInEditor":true,"locked":false,"parallaxInEditor":false,"opacity":1,"translucent":false},{"name":"Paralacs","propertiesBar":{"properties":[{"name":"Свойства слоя","expanded":true,"children":[]},{"name":"Прокрутка и масштабирование","expanded":true,"children":[{"name":"Параллакс","expanded":false,"children":[]}]},{"name":"Внешность","expanded":true,"children":[]},{"name":"Эффекты","expanded":true,"children":[]},{"name":"Редактор","expanded":true,"children":[]}],"scrollPosition":0},"visibleInEditor":true,"locked":true,"parallaxInEditor":false,"opacity":0.33,"translucent":true}],"view":{"x":551.9843000965637,"y":388.00208591198424,"z":207.15241000926488,"activeLayer":"Main"},"selectedInstances":[224],"lockedInstances":[],"instanceCollections":[{"uids":[147,488],"properties":{"properties":[{"name":"Свойства типа объекта","expanded":true,"children":[]},{"name":"Общий","expanded":true,"children":[{"name":"Позиция","expanded":false,"children":[]},{"name":"Размер","expanded":false,"children":[]}]},{"name":"Переменные экземпляра","expanded":true,"children":[]},{"name":"Поведения","expanded":true,"children":[{"name":"Твердый","expanded":true,"children":[]}]},{"name":"Эффекты","expanded":true,"children":[]},{"name":"Контейнер","expanded":true,"children":[]},{"name":"Шаблоны","expanded":true,"children":[]},{"name":"Свойства","expanded":true,"children":[]}],"scrollPosition":0}},{"uids":[167,174],"properties":{"properties":[{"name":"Свойства типа объекта","expanded":true,"children":[]},{"name":"Общий","expanded":true,"children":[{"name":"Позиция","expanded":false,"children":[]},{"name":"Размер","expanded":false,"children":[]}]},{"name":"Переменные экземпляра","expanded":true,"children":[]},{"name":"Поведения","expanded":true,"children":[{"name":"Твердый","expanded":true,"children":[]}]},{"name":"Эффекты","expanded":true,"children":[]},{"name":"Контейнер","expanded":true,"children":[]},{"name":"Шаблоны","expanded":true,"children":[]},{"name":"Свойства","expanded":true,"children":[]}],"scrollPosition":0}},{"uids":[128],"properties":{"properties":[{"name":"Свойства типа объекта","expanded":true,"children":[]},{"name":"Общий","expanded":true,"children":[{"name":"Позиция","expanded":false,"children":[]},{"name":"Размер","expanded":false,"children":[]}]},{"name":"Переменные экземпляра","expanded":true,"children":[]},{"name":"Поведения","expanded":true,"children":[{"name":"Твердый","expanded":true,"children":[]}]},{"name":"Эффекты","expanded":true,"children":[]},{"name":"Контейнер","expanded":true,"children":[]},{"name":"Шаблоны","expanded":true,"children":[]},{"name":"Свойства","expanded":true,"children":[]}],"scrollPosition":0}},{"uids":[141],"properties":{"properties":[{"name":"Свойства типа объекта","expanded":true,"children":[]},{"name":"Общий","expanded":true,"children":[{"name":"Позиция","expanded":false,"children":[]},{"name":"Размер","expanded":false,"children":[]}]},{"name":"Переменные экземпляра","expanded":true,"children":[]},{"name":"Поведения","expanded":true,"children":[{"name":"Твердый","expanded":true,"children":[]}]},{"name":"Эффекты","expanded":true,"children":[]},{"name":"Контейнер","expanded":true,"children":[]},{"name":"Шаблоны","expanded":true,"children":[]},{"name":"Свойства","expanded":true,"children":[]}],"scrollPosition":0}},{"uids":[486],"properties":{"properties":[{"name":"Свойства типа объекта","expanded":true,"children":[]},{"name":"Общий","expanded":true,"children":[{"name":"Позиция","expanded":false,"children":[]},{"name":"Размер","expanded":false,"children":[]}]},{"name":"Переменные экземпляра","expanded":true,"children":[]},{"name":"Поведения","expanded":true,"children":[{"name":"Твердый","expanded":true,"children":[]}]},{"name":"Эффекты","expanded":true,"children":[]},{"name":"Контейнер","expanded":true,"children":[]},{"name":"Шаблоны","expanded":true,"children":[]},{"name":"Свойства","expanded":true,"children":[]}],"scrollPosition":0}},{"uids":[487],"properties":{"properties":[{"name":"Свойства типа объекта","expanded":true,"children":[]},{"name":"Общий","expanded":true,"children":[{"name":"Позиция","expanded":false,"children":[]},{"name":"Размер","expanded":false,"children":[]}]},{"name":"Переменные экземпляра","expanded":true,"children":[]},{"name":"Поведения","expanded":true,"children":[{"name":"Твердый","expanded":true,"children":[]}]},{"name":"Эффекты","expanded":true,"children":[]},{"name":"Контейнер","expanded":true,"children":[]},{"name":"Шаблоны","expanded":true,"children":[]},{"name":"Свойства","expanded":true,"children":[]}],"scrollPosition":0}},{"uids":[135],"properties":{"properties":[{"name":"Свойства типа объекта","expanded":true,"children":[]},{"name":"Общий","expanded":true,"children":[{"name":"Позиция","expanded":false,"children":[]},{"name":"Размер","expanded":false,"children":[]}]},{"name":"Переменные экземпляра","expanded":true,"children":[]},{"name":"Поведения","expanded":true,"children":[{"name":"Твердый","expanded":true,"children":[]}]},{"name":"Эффекты","expanded":true,"children":[]},{"name":"Контейнер","expanded":true,"children":[]},{"name":"Шаблоны","expanded":true,"children":[]},{"name":"Свойства","expanded":true,"children":[]}],"scrollPosition":0}},{"uids":[488],"properties":{"properties":[{"name":"Свойства типа объекта","expanded":true,"children":[]},{"name":"Общий","expanded":true,"children":[{"name":"Позиция","expanded":false,"children":[]},{"name":"Размер","expanded":false,"children":[]}]},{"name":"Переменные экземпляра","expanded":true,"children":[]},{"name":"Поведения","expanded":true,"children":[{"name":"Твердый","expanded":true,"children":[]}]},{"name":"Эффекты","expanded":true,"children":[]},{"name":"Контейнер","expanded":true,"children":[]},{"name":"Шаблоны","expanded":true,"children":[]},{"name":"Свойства","expanded":true,"children":[]}],"scrollPosition":0}},{"uids":[147],"properties":{"properties":[{"name":"Свойства типа объекта","expanded":true,"children":[]},{"name":"Общий","expanded":true,"children":[{"name":"Позиция","expanded":false,"children":[]},{"name":"Размер","expanded":false,"children":[]}]},{"name":"Переменные экземпляра","expanded":true,"children":[]},{"name":"Поведения","expanded":true,"children":[{"name":"Твердый","expanded":true,"children":[]}]},{"name":"Эффекты","expanded":true,"children":[]},{"name":"Контейнер","expanded":true,"children":[]},{"name":"Шаблоны","expanded":true,"children":[]},{"name":"Свойства","expanded":true,"children":[]}],"scrollPosition":0}},{"uids":[489],"properties":{"properties":[{"name":"Свойства типа объекта","expanded":true,"children":[]},{"name":"Общий","expanded":true,"children":[{"name":"Позиция","expanded":false,"children":[]},{"name":"Размер","expanded":false,"children":[]}]},{"name":"Переменные экземпляра","expanded":true,"children":[]},{"name":"Поведения","expanded":true,"children":[{"name":"Твердый","expanded":true,"children":[]}]},{"name":"Эффекты","expanded":true,"children":[]},{"name":"Контейнер","expanded":true,"children":[]},{"name":"Шаблоны","expanded":true,"children":[]},{"name":"Свойства","expanded":true,"children":[]}],"scrollPosition":0}},{"uids":[198],"properties":{"properties":[{"name":"Свойства типа объекта","expanded":true,"children":[]},{"name":"Общий","expanded":true,"children":[{"name":"Позиция","expanded":false,"children":[]},{"name":"Размер","expanded":false,"children":[]}]},{"name":"Переменные экземпляра","expanded":true,"children":[]},{"name":"Поведения","expanded":true,"children":[]},{"name":"Эффекты","expanded":true,"children":[]},{"name":"Контейнер","expanded":true,"children":[]},{"name":"Шаблоны","expanded":true,"children":[]},{"name":"Свойства","expanded":true,"children":[]}],"scrollPosition":0}},{"uids":[223],"properties":{"properties":[{"name":"Свойства типа объекта","expanded":true,"children":[]},{"name":"Общий","expanded":true,"children":[{"name":"Позиция","expanded":false,"children":[]},{"name":"Размер","expanded":false,"children":[]}]},{"name":"Переменные экземпляра","expanded":true,"children":[]},{"name":"Поведения","expanded":true,"children":[{"name":"Платформер","expanded":true,"children":[]}]},{"name":"Эффекты","expanded":true,"children":[]},{"name":"Контейнер","expanded":true,"children":[]},{"name":"Шаблоны","expanded":true,"children":[]},{"name":"Свойства","expanded":true,"children":[]}],"scrollPosition":0}},{"uids":[186],"properties":{"properties":[{"name":"Свойства типа объекта","expanded":true,"children":[]},{"name":"Общий","expanded":true,"children":[{"name":"Позиция","expanded":false,"children":[]},{"name":"Размер","expanded":false,"children":[]}]},{"name":"Переменные экземпляра","expanded":true,"children":[]},{"name":"Поведения","expanded":true,"children":[]},{"name":"Эффекты","expanded":true,"children":[]},{"name":"Контейнер","expanded":true,"children":[]},{"name":"Шаблоны","expanded":true,"children":[]},{"name":"Свойства","expanded":true,"children":[]}],"scrollPosition":0}},{"uids":[185],"properties":{"properties":[{"name":"Свойства типа объекта","expanded":true,"children":[]},{"name":"Общий","expanded":true,"children":[{"name":"Позиция","expanded":false,"children":[]},{"name":"Размер","expanded":false,"children":[]}]},{"name":"Переменные экземпляра","expanded":true,"children":[]},{"name":"Поведения","expanded":true,"children":[]},{"name":"Эффекты","expanded":true,"children":[]},{"name":"Контейнер","expanded":true,"children":[]},{"name":"Шаблоны","expanded":true,"children":[]},{"name":"Свойства","expanded":true,"children":[]}],"scrollPosition":0}},{"uids":[188],"properties":{"properties":[{"name":"Свойства типа объекта","expanded":true,"children":[]},{"name":"Общий","expanded":true,"children":[{"name":"Позиция","expanded":false,"children":[]},{"name":"Размер","expanded":false,"children":[]}]},{"name":"Переменные экземпляра","expanded":true,"children":[]},{"name":"Поведения","expanded":true,"children":[]},{"name":"Эффекты","expanded":true,"children":[]},{"name":"Контейнер","expanded":true,"children":[]},{"name":"Шаблоны","expanded":true,"children":[]},{"name":"Свойства","expanded":true,"children":[]}],"scrollPosition":0}},{"uids":[204],"properties":{"properties":[{"name":"Свойства типа объекта","expanded":true,"children":[]},{"name":"Общий","expanded":true,"children":[{"name":"Позиция","expanded":false,"children":[]},{"name":"Размер","expanded":false,"children":[]}]},{"name":"Переменные экземпляра","expanded":true,"children":[]},{"name":"Поведения","expanded":true,"children":[]},{"name":"Эффекты","expanded":true,"children":[]},{"name":"Контейнер","expanded":true,"children":[]},{"name":"Шаблоны","expanded":true,"children":[]},{"name":"Свойства","expanded":true,"children":[]}],"scrollPosition":0}},{"uids":[200],"properties":{"properties":[{"name":"Свойства типа объекта","expanded":true,"children":[]},{"name":"Общий","expanded":true,"children":[{"name":"Позиция","expanded":false,"children":[]},{"name":"Размер","expanded":false,"children":[]}]},{"name":"Переменные экземпляра","expanded":true,"children":[]},{"name":"Поведения","expanded":true,"children":[]},{"name":"Эффекты","expanded":true,"children":[]},{"name":"Контейнер","expanded":true,"children":[]},{"name":"Шаблоны","expanded":true,"children":[]},{"name":"Свойства","expanded":true,"children":[]}],"scrollPosition":0}},{"uids":[215],"properties":{"properties":[{"name":"Свойства типа объекта","expanded":true,"children":[]},{"name":"Общий","expanded":true,"children":[{"name":"Позиция","expanded":false,"children":[]},{"name":"Размер","expanded":false,"children":[]}]},{"name":"Переменные экземпляра","expanded":true,"children":[]},{"name":"Поведения","expanded":true,"children":[]},{"name":"Эффекты","expanded":true,"children":[]},{"name":"Контейнер","expanded":true,"children":[]},{"name":"Шаблоны","expanded":true,"children":[]},{"name":"Свойства","expanded":true,"children":[]}],"scrollPosition":0}},{"uids":[202],"properties":{"properties":[{"name":"Свойства типа объекта","expanded":true,"children":[]},{"name":"Общий","expanded":true,"children":[{"name":"Позиция","expanded":false,"children":[]},{"name":"Размер","expanded":false,"children":[]}]},{"name":"Переменные экземпляра","expanded":true,"children":[]},{"name":"Поведения","expanded":true,"children":[{"name":"Поворот","expanded":true,"children":[]}]},{"name":"Эффекты","expanded":true,"children":[]},{"name":"Контейнер","expanded":true,"children":[]},{"name":"Шаблоны","expanded":true,"children":[]},{"name":"Свойства","expanded":true,"children":[]}],"scrollPosition":0}},{"uids":[169],"properties":{"properties":[{"name":"Свойства типа объекта","expanded":true,"children":[]},{"name":"Общий","expanded":true,"children":[{"name":"Позиция","expanded":false,"children":[]},{"name":"Размер","expanded":false,"children":[]}]},{"name":"Переменные экземпляра","expanded":true,"children":[]},{"name":"Поведения","expanded":true,"children":[{"name":"Твердый","expanded":true,"children":[]}]},{"name":"Эффекты","expanded":true,"children":[]},{"name":"Контейнер","expanded":true,"children":[]},{"name":"Шаблоны","expanded":true,"children":[]},{"name":"Свойства","expanded":true,"children":[]}],"scrollPosition":0}},{"uids":[199],"properties":{"properties":[{"name":"Свойства типа объекта","expanded":true,"children":[]},{"name":"Общий","expanded":true,"children":[{"name":"Позиция","expanded":false,"children":[]},{"name":"Размер","expanded":false,"children":[]}]},{"name":"Переменные экземпляра","expanded":true,"children":[]},{"name":"Поведения","expanded":true,"children":[]},{"name":"Эффекты","expanded":true,"children":[]},{"name":"Контейнер","expanded":true,"children":[]},{"name":"Шаблоны","expanded":true,"children":[]},{"name":"Свойства","expanded":true,"children":[]}],"scrollPosition":0}},{"uids":[167],"properties":{"properties":[{"name":"Свойства типа объекта","expanded":true,"children":[]},{"name":"Общий","expanded":true,"children":[{"name":"Позиция","expanded":false,"children":[]},{"name":"Размер","expanded":false,"children":[]}]},{"name":"Переменные экземпляра","expanded":true,"children":[]},{"name":"Поведения","expanded":true,"children":[{"name":"Твердый","expanded":true,"children":[]}]},{"name":"Эффекты","expanded":true,"children":[]},{"name":"Контейнер","expanded":true,"children":[]},{"name":"Шаблоны","expanded":true,"children":[]},{"name":"Свойства","expanded":true,"children":[]}],"scrollPosition":0}},{"uids":[174],"properties":{"properties":[{"name":"Свойства типа объекта","expanded":true,"children":[]},{"name":"Общий","expanded":true,"children":[{"name":"Позиция","expanded":false,"children":[]},{"name":"Размер","expanded":false,"children":[]}]},{"name":"Переменные экземпляра","expanded":true,"children":[]},{"name":"Поведения","expanded":true,"children":[{"name":"Твердый","expanded":true,"children":[]}]},{"name":"Эффекты","expanded":true,"children":[]},{"name":"Контейнер","expanded":true,"children":[]},{"name":"Шаблоны","expanded":true,"children":[]},{"name":"Свойства","expanded":true,"children":[]}],"scrollPosition":0}},{"uids":[199],"properties":{"properties":[{"name":"Свойства типа объекта","expanded":true,"children":[]},{"name":"Общий","expanded":true,"children":[{"name":"Позиция","expanded":false,"children":[]},{"name":"Размер","expanded":false,"children":[]}]},{"name":"Переменные экземпляра","expanded":true,"children":[]},{"name":"Поведения","expanded":true,"children":[{"name":"Твердый","expanded":true,"children":[]}]},{"name":"Эффекты","expanded":true,"children":[]},{"name":"Контейнер","expanded":true,"children":[]},{"name":"Шаблоны","expanded":true,"children":[]},{"name":"Свойства","expanded":true,"children":[]}],"scrollPosition":0}},{"uids":[202],"properties":{"properties":[{"name":"Свойства типа объекта","expanded":true,"children":[]},{"name":"Общий","expanded":true,"children":[{"name":"Позиция","expanded":false,"children":[]},{"name":"Размер","expanded":false,"children":[]}]},{"name":"Переменные экземпляра","expanded":true,"children":[]},{"name":"Поведения","expanded":true,"children":[{"name":"Твердый","expanded":true,"children":[]}]},{"name":"Эффекты","expanded":true,"children":[]},{"name":"Контейнер","expanded":true,"children":[]},{"name":"Шаблоны","expanded":true,"children":[]},{"name":"Свойства","expanded":true,"children":[]}],"scrollPosition":0}},{"uids":[490],"properties":{"properties":[{"name":"Свойства типа объекта","expanded":true,"children":[]},{"name":"Общий","expanded":true,"children":[{"name":"Позиция","expanded":false,"children":[]},{"name":"Размер","expanded":false,"children":[]}]},{"name":"Переменные экземпляра","expanded":true,"children":[]},{"name":"Поведения","expanded":true,"children":[{"name":"Твердый","expanded":true,"children":[]}]},{"name":"Эффекты","expanded":true,"children":[]},{"name":"Контейнер","expanded":true,"children":[]},{"name":"Шаблоны","expanded":true,"children":[]},{"name":"Свойства","expanded":true,"children":[]}],"scrollPosition":0}},{"uids":[222],"properties":{"properties":[{"name":"Свойства типа объекта","expanded":true,"children":[]},{"name":"Общий","expanded":true,"children":[{"name":"Позиция","expanded":false,"children":[]},{"name":"Размер","expanded":false,"children":[]}]},{"name":"Переменные экземпляра","expanded":true,"children":[]},{"name":"Поведения","expanded":true,"children":[]},{"name":"Эффекты","expanded":true,"children":[]},{"name":"Контейнер","expanded":true,"children":[]},{"name":"Шаблоны","expanded":true,"children":[]},{"name":"Свойства","expanded":true,"children":[]}],"scrollPosition":0}},{"uids":[491],"properties":{"properties":[{"name":"Свойства типа объекта","expanded":true,"children":[]},{"name":"Общий","expanded":true,"children":[{"name":"Позиция","expanded":false,"children":[]},{"name":"Размер","expanded":false,"children":[]}]},{"name":"Переменные экземпляра","expanded":true,"children":[]},{"name":"Поведения","expanded":true,"children":[{"name":"Поворот","expanded":true,"children":[]}]},{"name":"Эффекты","expanded":true,"children":[]},{"name":"Контейнер","expanded":true,"children":[]},{"name":"Шаблоны","expanded":true,"children":[]},{"name":"Свойства","expanded":true,"children":[]}],"scrollPosition":0}},{"uids":[228],"properties":{"properties":[{"name":"Свойства типа объекта","expanded":true,"children":[]},{"name":"Общий","expanded":true,"children":[{"name":"Позиция","expanded":false,"children":[]},{"name":"Размер","expanded":false,"children":[]}]},{"name":"Переменные экземпляра","expanded":true,"children":[]},{"name":"Поведения","expanded":true,"children":[]},{"name":"Эффекты","expanded":true,"children":[]},{"name":"Контейнер","expanded":true,"children":[]},{"name":"Шаблоны","expanded":true,"children":[]},{"name":"Свойства","expanded":true,"children":[]}],"scrollPosition":0}},{"uids":[129],"properties":{"properties":[{"name":"Свойства типа объекта","expanded":true,"children":[]},{"name":"Общий","expanded":true,"children":[{"name":"Позиция","expanded":false,"children":[]},{"name":"Размер","expanded":false,"children":[]}]},{"name":"Переменные экземпляра","expanded":true,"children":[]},{"name":"Поведения","expanded":true,"children":[{"name":"Твердый","expanded":true,"children":[]}]},{"name":"Эффекты","expanded":true,"children":[]},{"name":"Контейнер","expanded":true,"children":[]},{"name":"Шаблоны","expanded":true,"children":[]},{"name":"Свойства","expanded":true,"children":[]}],"scrollPosition":0}},{"uids":[142],"properties":{"properties":[{"name":"Свойства типа объекта","expanded":true,"children":[]},{"name":"Общий","expanded":true,"children":[{"name":"Позиция","expanded":false,"children":[]},{"name":"Размер","expanded":false,"children":[]}]},{"name":"Переменные экземпляра","expanded":true,"children":[]},{"name":"Поведения","expanded":true,"children":[{"name":"Твердый","expanded":true,"children":[]}]},{"name":"Эффекты","expanded":true,"children":[]},{"name":"Контейнер","expanded":true,"children":[]},{"name":"Шаблоны","expanded":true,"children":[]},{"name":"Свойства","expanded":true,"children":[]}],"scrollPosition":0}},{"uids":[129],"properties":{"properties":[{"name":"Свойства типа объекта","expanded":true,"children":[]},{"name":"Общий","expanded":true,"children":[{"name":"Позиция","expanded":false,"children":[]},{"name":"Размер","expanded":false,"children":[]}]},{"name":"Переменные экземпляра","expanded":true,"children":[]},{"name":"Поведения","expanded":true,"children":[]},{"name":"Эффекты","expanded":true,"children":[]},{"name":"Контейнер","expanded":true,"children":[]},{"name":"Шаблоны","expanded":true,"children":[]},{"name":"Свойства","expanded":true,"children":[]}],"scrollPosition":0}},{"uids":[142],"properties":{"properties":[{"name":"Свойства типа объекта","expanded":true,"children":[]},{"name":"Общий","expanded":true,"children":[{"name":"Позиция","expanded":false,"children":[]},{"name":"Размер","expanded":false,"children":[]}]},{"name":"Переменные экземпляра","expanded":true,"children":[]},{"name":"Поведения","expanded":true,"children":[]},{"name":"Эффекты","expanded":true,"children":[]},{"name":"Контейнер","expanded":true,"children":[]},{"name":"Шаблоны","expanded":true,"children":[]},{"name":"Свойства","expanded":true,"children":[]}],"scrollPosition":0}},{"uids":[622],"properties":{"properties":[{"name":"Свойства типа объекта","expanded":true,"children":[]},{"name":"Общий","expanded":true,"children":[{"name":"Позиция","expanded":false,"children":[]},{"name":"Размер","expanded":false,"children":[]}]},{"name":"Переменные экземпляра","expanded":true,"children":[]},{"name":"Поведения","expanded":true,"children":[]},{"name":"Эффекты","expanded":true,"children":[]},{"name":"Контейнер","expanded":true,"children":[]},{"name":"Шаблоны","expanded":true,"children":[]},{"name":"Свойства","expanded":true,"children":[]}],"scrollPosition":0}},{"uids":[648],"properties":{"properties":[{"name":"Свойства типа объекта","expanded":true,"children":[]},{"name":"Общий","expanded":true,"children":[{"name":"Позиция","expanded":false,"children":[]},{"name":"Размер","expanded":false,"children":[]}]},{"name":"Переменные экземпляра","expanded":true,"children":[]},{"name":"Поведения","expanded":true,"children":[{"name":"Пуля","expanded":true,"children":[]}]},{"name":"Эффекты","expanded":true,"children":[]},{"name":"Контейнер","expanded":true,"children":[]},{"name":"Шаблоны","expanded":true,"children":[]},{"name":"Свойства","expanded":true,"children":[]}],"scrollPosition":0}},{"uids":[649],"properties":{"properties":[{"name":"Свойства типа объекта","expanded":true,"children":[]},{"name":"Общий","expanded":true,"children":[{"name":"Позиция","expanded":false,"children":[]},{"name":"Размер","expanded":false,"children":[]}]},{"name":"Переменные экземпляра","expanded":true,"children":[]},{"name":"Поведения","expanded":true,"children":[{"name":"Пуля","expanded":true,"children":[]}]},{"name":"Эффекты","expanded":true,"children":[]},{"name":"Контейнер","expanded":true,"children":[]},{"name":"Шаблоны","expanded":true,"children":[]},{"name":"Свойства","expanded":true,"children":[]}],"scrollPosition":0}},{"uids":[221],"properties":{"properties":[{"name":"Свойства типа объекта","expanded":true,"children":[]},{"name":"Общий","expanded":true,"children":[{"name":"Позиция","expanded":false,"children":[]},{"name":"Размер","expanded":false,"children":[]}]},{"name":"Переменные экземпляра","expanded":true,"children":[]},{"name":"Поведения","expanded":true,"children":[{"name":"Якорь","expanded":true,"children":[]}]},{"name":"Эффекты","expanded":true,"children":[]},{"name":"Контейнер","expanded":true,"children":[]},{"name":"Шаблоны","expanded":true,"children":[]},{"name":"Свойства","expanded":true,"children":[]},{"name":"Настройки изображения","expanded":true,"children":[]},{"name":"[Tile randomization]","expanded":true,"children":[]}],"scrollPosition":0}},{"uids":[119],"properties":{"properties":[{"name":"Свойства типа объекта","expanded":true,"children":[]},{"name":"Общий","expanded":true,"children":[{"name":"Позиция","expanded":false,"children":[]},{"name":"Размер","expanded":false,"children":[]}]},{"name":"Переменные экземпляра","expanded":true,"children":[]},{"name":"Поведения","expanded":true,"children":[]},{"name":"Эффекты","expanded":true,"children":[]},{"name":"Контейнер","expanded":true,"children":[]},{"name":"Шаблоны","expanded":true,"children":[]},{"name":"Свойства","expanded":true,"children":[]}],"scrollPosition":0}},{"uids":[224],"properties":{"properties":[{"name":"Свойства типа объекта","expanded":true,"children":[]},{"name":"Общий","expanded":true,"children":[{"name":"Позиция","expanded":false,"children":[]},{"name":"Размер","expanded":false,"children":[]}]},{"name":"Переменные экземпляра","expanded":true,"children":[]},{"name":"Поведения","expanded":true,"children":[{"name":"Якорь","expanded":true,"children":[]}]},{"name":"Эффекты","expanded":true,"children":[]},{"name":"Контейнер","expanded":true,"children":[]},{"name":"Шаблоны","expanded":true,"children":[]},{"name":"Свойства","expanded":true,"children":[]}],"scrollPosition":0}}]}