{"propertiesBar":{"properties":[{"name":"Макет","expanded":true,"children":[{"name":"Размер","expanded":false,"children":[]},{"name":"Точка схода","expanded":false,"children":[]}]},{"name":"Эффекты","expanded":true,"children":[]},{"name":"Редактор","expanded":true,"children":[{"name":"Граница экрана","expanded":false,"children":[]},{"name":"Размер сетки","expanded":false,"children":[]},{"name":"Смещение сетки","expanded":false,"children":[]}]}],"scrollPosition":0},"layersBar":{"name":"<root>","children":[{"name":"Paralacs","expanded":true,"children":[]},{"name":"Main","expanded":true,"children":[]}]},"grid":{"show":true,"snap":true,"width":37,"height":37,"offsetX":0,"offsetY":0},"marginWidth":1000,"marginHeight":1000,"showCollisionPolygons":false,"showMeshes":false,"showTranslucentInactiveLayers":true,"showSceneGraphConnections":true,"tabColor":[0.9999999999999999,0.95,0.8000000000000002,1],"tabTextColor":null,"layers":[{"name":"Main","propertiesBar":{"properties":[{"name":"Свойства слоя","expanded":true,"children":[]},{"name":"Прокрутка и масштабирование","expanded":true,"children":[{"name":"Параллакс","expanded":false,"children":[]}]},{"name":"Внешность","expanded":true,"children":[]},{"name":"Эффекты","expanded":true,"children":[]},{"name":"Редактор","expanded":true,"children":[]}],"scrollPosition":0},"visibleInEditor":true,"locked":false,"parallaxInEditor":false,"opacity":1,"translucent":false},{"name":"Paralacs","propertiesBar":{"properties":[{"name":"Свойства слоя","expanded":true,"children":[]},{"name":"Прокрутка и масштабирование","expanded":true,"children":[{"name":"Параллакс","expanded":false,"children":[]}]},{"name":"Внешность","expanded":true,"children":[]},{"name":"Эффекты","expanded":true,"children":[]},{"name":"Редактор","expanded":true,"children":[]}],"scrollPosition":0},"visibleInEditor":true,"locked":true,"parallaxInEditor":false,"opacity":0.33,"translucent":true}],"view":{"x":345.8888738274543,"y":540.580878599193,"z":116.9321349980412,"activeLayer":"Main"},"selectedInstances":[372],"lockedInstances":[],"instanceCollections":[{"uids":[355,372],"properties":{"properties":[{"name":"Свойства типа объекта","expanded":true,"children":[]},{"name":"Общий","expanded":true,"children":[{"name":"Позиция","expanded":false,"children":[]},{"name":"Размер","expanded":false,"children":[]}]},{"name":"Эффекты","expanded":true,"children":[]},{"name":"Свойства","expanded":true,"children":[]}],"scrollPosition":0}},{"uids":[355,460],"properties":{"properties":[{"name":"Свойства типа объекта","expanded":true,"children":[]},{"name":"Общий","expanded":true,"children":[{"name":"Позиция","expanded":false,"children":[]},{"name":"Размер","expanded":false,"children":[]}]},{"name":"Эффекты","expanded":true,"children":[]},{"name":"Свойства","expanded":true,"children":[]}],"scrollPosition":0}},{"uids":[354],"properties":{"properties":[{"name":"Свойства типа объекта","expanded":true,"children":[]},{"name":"Общий","expanded":true,"children":[{"name":"Позиция","expanded":false,"children":[]},{"name":"Размер","expanded":false,"children":[]}]},{"name":"Переменные экземпляра","expanded":true,"children":[]},{"name":"Поведения","expanded":true,"children":[]},{"name":"Эффекты","expanded":true,"children":[]},{"name":"Контейнер","expanded":true,"children":[]},{"name":"Шаблоны","expanded":true,"children":[]},{"name":"Свойства","expanded":true,"children":[]}],"scrollPosition":0}},{"uids":[439],"properties":{"properties":[{"name":"Свойства типа объекта","expanded":true,"children":[]},{"name":"Общий","expanded":true,"children":[{"name":"Позиция","expanded":false,"children":[]},{"name":"Размер","expanded":false,"children":[]}]},{"name":"Переменные экземпляра","expanded":true,"children":[]},{"name":"Поведения","expanded":true,"children":[{"name":"Поворот","expanded":true,"children":[]}]},{"name":"Эффекты","expanded":true,"children":[]},{"name":"Контейнер","expanded":true,"children":[]},{"name":"Шаблоны","expanded":true,"children":[]},{"name":"Свойства","expanded":true,"children":[]}],"scrollPosition":0}},{"uids":[459],"properties":{"properties":[{"name":"Свойства типа объекта","expanded":true,"children":[]},{"name":"Общий","expanded":true,"children":[{"name":"Позиция","expanded":false,"children":[]},{"name":"Размер","expanded":false,"children":[]}]},{"name":"Переменные экземпляра","expanded":true,"children":[]},{"name":"Поведения","expanded":true,"children":[]},{"name":"Эффекты","expanded":true,"children":[]},{"name":"Контейнер","expanded":true,"children":[]},{"name":"Шаблоны","expanded":true,"children":[]},{"name":"Свойства","expanded":true,"children":[]}],"scrollPosition":0}},{"uids":[405],"properties":{"properties":[{"name":"Свойства типа объекта","expanded":true,"children":[]},{"name":"Общий","expanded":true,"children":[{"name":"Позиция","expanded":false,"children":[]},{"name":"Размер","expanded":false,"children":[]}]},{"name":"Переменные экземпляра","expanded":true,"children":[]},{"name":"Поведения","expanded":true,"children":[{"name":"Твердый","expanded":true,"children":[]}]},{"name":"Эффекты","expanded":true,"children":[]},{"name":"Контейнер","expanded":true,"children":[]},{"name":"Шаблоны","expanded":true,"children":[]},{"name":"Свойства","expanded":true,"children":[]}],"scrollPosition":0}},{"uids":[404],"properties":{"properties":[{"name":"Свойства типа объекта","expanded":true,"children":[]},{"name":"Общий","expanded":true,"children":[{"name":"Позиция","expanded":false,"children":[]},{"name":"Размер","expanded":false,"children":[]}]},{"name":"Переменные экземпляра","expanded":true,"children":[]},{"name":"Поведения","expanded":true,"children":[{"name":"Твердый","expanded":true,"children":[]}]},{"name":"Эффекты","expanded":true,"children":[]},{"name":"Контейнер","expanded":true,"children":[]},{"name":"Шаблоны","expanded":true,"children":[]},{"name":"Свойства","expanded":true,"children":[]}],"scrollPosition":0}},{"uids":[407],"properties":{"properties":[{"name":"Свойства типа объекта","expanded":true,"children":[]},{"name":"Общий","expanded":true,"children":[{"name":"Позиция","expanded":false,"children":[]},{"name":"Размер","expanded":false,"children":[]}]},{"name":"Переменные экземпляра","expanded":true,"children":[]},{"name":"Поведения","expanded":true,"children":[{"name":"Твердый","expanded":true,"children":[]}]},{"name":"Эффекты","expanded":true,"children":[]},{"name":"Контейнер","expanded":true,"children":[]},{"name":"Шаблоны","expanded":true,"children":[]},{"name":"Свойства","expanded":true,"children":[]}],"scrollPosition":0}},{"uids":[439],"properties":{"properties":[{"name":"Свойства типа объекта","expanded":true,"children":[]},{"name":"Общий","expanded":true,"children":[{"name":"Позиция","expanded":false,"children":[]},{"name":"Размер","expanded":false,"children":[]}]},{"name":"Переменные экземпляра","expanded":true,"children":[]},{"name":"Поведения","expanded":true,"children":[{"name":"Твердый","expanded":true,"children":[]}]},{"name":"Эффекты","expanded":true,"children":[]},{"name":"Контейнер","expanded":true,"children":[]},{"name":"Шаблоны","expanded":true,"children":[]},{"name":"Свойства","expanded":true,"children":[]}],"scrollPosition":0}},{"uids":[406],"properties":{"properties":[{"name":"Свойства типа объекта","expanded":true,"children":[]},{"name":"Общий","expanded":true,"children":[{"name":"Позиция","expanded":false,"children":[]},{"name":"Размер","expanded":false,"children":[]}]},{"name":"Переменные экземпляра","expanded":true,"children":[]},{"name":"Поведения","expanded":true,"children":[{"name":"Твердый","expanded":true,"children":[]}]},{"name":"Эффекты","expanded":true,"children":[]},{"name":"Контейнер","expanded":true,"children":[]},{"name":"Шаблоны","expanded":true,"children":[]},{"name":"Свойства","expanded":true,"children":[]}],"scrollPosition":0}},{"uids":[468],"properties":{"properties":[{"name":"Свойства типа объекта","expanded":true,"children":[]},{"name":"Общий","expanded":true,"children":[{"name":"Позиция","expanded":false,"children":[]},{"name":"Размер","expanded":false,"children":[]}]},{"name":"Переменные экземпляра","expanded":true,"children":[]},{"name":"Поведения","expanded":true,"children":[{"name":"Твердый","expanded":true,"children":[]}]},{"name":"Эффекты","expanded":true,"children":[]},{"name":"Контейнер","expanded":true,"children":[]},{"name":"Шаблоны","expanded":true,"children":[]},{"name":"Свойства","expanded":true,"children":[]}],"scrollPosition":0}},{"uids":[452],"properties":{"properties":[{"name":"Свойства типа объекта","expanded":true,"children":[]},{"name":"Общий","expanded":true,"children":[{"name":"Позиция","expanded":false,"children":[]},{"name":"Размер","expanded":false,"children":[]}]},{"name":"Переменные экземпляра","expanded":true,"children":[]},{"name":"Поведения","expanded":true,"children":[]},{"name":"Эффекты","expanded":true,"children":[]},{"name":"Контейнер","expanded":true,"children":[]},{"name":"Шаблоны","expanded":true,"children":[]},{"name":"Свойства","expanded":true,"children":[]}],"scrollPosition":0}},{"uids":[424],"properties":{"properties":[{"name":"Свойства типа объекта","expanded":true,"children":[]},{"name":"Общий","expanded":true,"children":[{"name":"Позиция","expanded":false,"children":[]},{"name":"Размер","expanded":false,"children":[]}]},{"name":"Переменные экземпляра","expanded":true,"children":[]},{"name":"Поведения","expanded":true,"children":[]},{"name":"Эффекты","expanded":true,"children":[]},{"name":"Контейнер","expanded":true,"children":[]},{"name":"Шаблоны","expanded":true,"children":[]},{"name":"Свойства","expanded":true,"children":[]}],"scrollPosition":0}},{"uids":[426],"properties":{"properties":[{"name":"Свойства типа объекта","expanded":true,"children":[]},{"name":"Общий","expanded":true,"children":[{"name":"Позиция","expanded":false,"children":[]},{"name":"Размер","expanded":false,"children":[]}]},{"name":"Переменные экземпляра","expanded":true,"children":[]},{"name":"Поведения","expanded":true,"children":[]},{"name":"Эффекты","expanded":true,"children":[]},{"name":"Контейнер","expanded":true,"children":[]},{"name":"Шаблоны","expanded":true,"children":[]},{"name":"Свойства","expanded":true,"children":[]}],"scrollPosition":0}},{"uids":[427],"properties":{"properties":[{"name":"Свойства типа объекта","expanded":true,"children":[]},{"name":"Общий","expanded":true,"children":[{"name":"Позиция","expanded":false,"children":[]},{"name":"Размер","expanded":false,"children":[]}]},{"name":"Переменные экземпляра","expanded":true,"children":[]},{"name":"Поведения","expanded":true,"children":[]},{"name":"Эффекты","expanded":true,"children":[]},{"name":"Контейнер","expanded":true,"children":[]},{"name":"Шаблоны","expanded":true,"children":[]},{"name":"Свойства","expanded":true,"children":[]}],"scrollPosition":0}},{"uids":[441],"properties":{"properties":[{"name":"Свойства типа объекта","expanded":true,"children":[]},{"name":"Общий","expanded":true,"children":[{"name":"Позиция","expanded":false,"children":[]},{"name":"Размер","expanded":false,"children":[]}]},{"name":"Переменные экземпляра","expanded":true,"children":[]},{"name":"Поведения","expanded":true,"children":[]},{"name":"Эффекты","expanded":true,"children":[]},{"name":"Контейнер","expanded":true,"children":[]},{"name":"Шаблоны","expanded":true,"children":[]},{"name":"Свойства","expanded":true,"children":[]}],"scrollPosition":0}},{"uids":[369],"properties":{"properties":[{"name":"Свойства типа объекта","expanded":true,"children":[]},{"name":"Общий","expanded":true,"children":[{"name":"Позиция","expanded":false,"children":[]},{"name":"Размер","expanded":false,"children":[]}]},{"name":"Переменные экземпляра","expanded":true,"children":[]},{"name":"Поведения","expanded":true,"children":[{"name":"Твердый","expanded":true,"children":[]}]},{"name":"Эффекты","expanded":true,"children":[]},{"name":"Контейнер","expanded":true,"children":[]},{"name":"Шаблоны","expanded":true,"children":[]},{"name":"Свойства","expanded":true,"children":[]}],"scrollPosition":0}},{"uids":[367],"properties":{"properties":[{"name":"Свойства типа объекта","expanded":true,"children":[]},{"name":"Общий","expanded":true,"children":[{"name":"Позиция","expanded":false,"children":[]},{"name":"Размер","expanded":false,"children":[]}]},{"name":"Переменные экземпляра","expanded":true,"children":[]},{"name":"Поведения","expanded":true,"children":[{"name":"Твердый","expanded":true,"children":[]}]},{"name":"Эффекты","expanded":true,"children":[]},{"name":"Контейнер","expanded":true,"children":[]},{"name":"Шаблоны","expanded":true,"children":[]},{"name":"Свойства","expanded":true,"children":[]}],"scrollPosition":0}},{"uids":[425],"properties":{"properties":[{"name":"Свойства типа объекта","expanded":true,"children":[]},{"name":"Общий","expanded":true,"children":[{"name":"Позиция","expanded":false,"children":[]},{"name":"Размер","expanded":false,"children":[]}]},{"name":"Переменные экземпляра","expanded":true,"children":[]},{"name":"Поведения","expanded":true,"children":[]},{"name":"Эффекты","expanded":true,"children":[]},{"name":"Контейнер","expanded":true,"children":[]},{"name":"Шаблоны","expanded":true,"children":[]},{"name":"Свойства","expanded":true,"children":[]}],"scrollPosition":0}},{"uids":[233],"properties":{"properties":[{"name":"Свойства типа объекта","expanded":true,"children":[]},{"name":"Общий","expanded":true,"children":[{"name":"Позиция","expanded":false,"children":[]},{"name":"Размер","expanded":false,"children":[]}]},{"name":"Переменные экземпляра","expanded":true,"children":[]},{"name":"Поведения","expanded":true,"children":[]},{"name":"Эффекты","expanded":true,"children":[]},{"name":"Контейнер","expanded":true,"children":[]},{"name":"Шаблоны","expanded":true,"children":[]},{"name":"Свойства","expanded":true,"children":[]}],"scrollPosition":0}},{"uids":[438],"properties":{"properties":[{"name":"Свойства типа объекта","expanded":true,"children":[]},{"name":"Общий","expanded":true,"children":[{"name":"Позиция","expanded":false,"children":[]},{"name":"Размер","expanded":false,"children":[]}]},{"name":"Переменные экземпляра","expanded":true,"children":[]},{"name":"Поведения","expanded":true,"children":[]},{"name":"Эффекты","expanded":true,"children":[]},{"name":"Контейнер","expanded":true,"children":[]},{"name":"Шаблоны","expanded":true,"children":[]},{"name":"Свойства","expanded":true,"children":[]}],"scrollPosition":0}},{"uids":[104],"properties":{"properties":[{"name":"Свойства типа объекта","expanded":true,"children":[]},{"name":"Общий","expanded":true,"children":[{"name":"Позиция","expanded":false,"children":[]},{"name":"Размер","expanded":false,"children":[]}]},{"name":"Переменные экземпляра","expanded":true,"children":[]},{"name":"Поведения","expanded":true,"children":[]},{"name":"Эффекты","expanded":true,"children":[]},{"name":"Контейнер","expanded":true,"children":[]},{"name":"Шаблоны","expanded":true,"children":[]},{"name":"Свойства","expanded":true,"children":[]}],"scrollPosition":0}},{"uids":[460],"properties":{"properties":[{"name":"Свойства типа объекта","expanded":true,"children":[]},{"name":"Общий","expanded":true,"children":[{"name":"Позиция","expanded":false,"children":[]},{"name":"Размер","expanded":false,"children":[]}]},{"name":"Переменные экземпляра","expanded":true,"children":[]},{"name":"Поведения","expanded":true,"children":[{"name":"Платформер","expanded":true,"children":[]}]},{"name":"Эффекты","expanded":true,"children":[]},{"name":"Контейнер","expanded":true,"children":[]},{"name":"Шаблоны","expanded":true,"children":[]},{"name":"Свойства","expanded":true,"children":[]}],"scrollPosition":0}},{"uids":[377],"properties":{"properties":[{"name":"Свойства типа объекта","expanded":true,"children":[]},{"name":"Общий","expanded":true,"children":[{"name":"Позиция","expanded":false,"children":[]},{"name":"Размер","expanded":false,"children":[]}]},{"name":"Переменные экземпляра","expanded":true,"children":[]},{"name":"Поведения","expanded":true,"children":[{"name":"Твердый","expanded":true,"children":[]}]},{"name":"Эффекты","expanded":true,"children":[]},{"name":"Контейнер","expanded":true,"children":[]},{"name":"Шаблоны","expanded":true,"children":[]},{"name":"Свойства","expanded":true,"children":[]}],"scrollPosition":0}},{"uids":[428],"properties":{"properties":[{"name":"Свойства типа объекта","expanded":true,"children":[]},{"name":"Общий","expanded":true,"children":[{"name":"Позиция","expanded":false,"children":[]},{"name":"Размер","expanded":false,"children":[]}]},{"name":"Переменные экземпляра","expanded":true,"children":[]},{"name":"Поведения","expanded":true,"children":[]},{"name":"Эффекты","expanded":true,"children":[]},{"name":"Контейнер","expanded":true,"children":[]},{"name":"Шаблоны","expanded":true,"children":[]},{"name":"Свойства","expanded":true,"children":[]}],"scrollPosition":0}},{"uids":[235],"properties":{"properties":[{"name":"Свойства типа объекта","expanded":true,"children":[]},{"name":"Общий","expanded":true,"children":[{"name":"Позиция","expanded":false,"children":[]},{"name":"Размер","expanded":false,"children":[]}]},{"name":"Переменные экземпляра","expanded":true,"children":[]},{"name":"Поведения","expanded":true,"children":[{"name":"Твердый","expanded":true,"children":[]}]},{"name":"Эффекты","expanded":true,"children":[]},{"name":"Контейнер","expanded":true,"children":[]},{"name":"Шаблоны","expanded":true,"children":[]},{"name":"Свойства","expanded":true,"children":[]}],"scrollPosition":0}},{"uids":[236],"properties":{"properties":[{"name":"Свойства типа объекта","expanded":true,"children":[]},{"name":"Общий","expanded":true,"children":[{"name":"Позиция","expanded":false,"children":[]},{"name":"Размер","expanded":false,"children":[]}]},{"name":"Переменные экземпляра","expanded":true,"children":[]},{"name":"Поведения","expanded":true,"children":[{"name":"Твердый","expanded":true,"children":[]}]},{"name":"Эффекты","expanded":true,"children":[]},{"name":"Контейнер","expanded":true,"children":[]},{"name":"Шаблоны","expanded":true,"children":[]},{"name":"Свойства","expanded":true,"children":[]}],"scrollPosition":0}},{"uids":[449],"properties":{"properties":[{"name":"Свойства типа объекта","expanded":true,"children":[]},{"name":"Общий","expanded":true,"children":[{"name":"Позиция","expanded":false,"children":[]},{"name":"Размер","expanded":false,"children":[]}]},{"name":"Переменные экземпляра","expanded":true,"children":[]},{"name":"Поведения","expanded":true,"children":[]},{"name":"Эффекты","expanded":true,"children":[]},{"name":"Контейнер","expanded":true,"children":[]},{"name":"Шаблоны","expanded":true,"children":[]},{"name":"Свойства","expanded":true,"children":[]}],"scrollPosition":0}},{"uids":[237],"properties":{"properties":[{"name":"Свойства типа объекта","expanded":true,"children":[]},{"name":"Общий","expanded":true,"children":[{"name":"Позиция","expanded":false,"children":[]},{"name":"Размер","expanded":false,"children":[]}]},{"name":"Переменные экземпляра","expanded":true,"children":[]},{"name":"Поведения","expanded":true,"children":[{"name":"Твердый","expanded":true,"children":[]}]},{"name":"Эффекты","expanded":true,"children":[]},{"name":"Контейнер","expanded":true,"children":[]},{"name":"Шаблоны","expanded":true,"children":[]},{"name":"Свойства","expanded":true,"children":[]}],"scrollPosition":0}},{"uids":[234],"properties":{"properties":[{"name":"Свойства типа объекта","expanded":true,"children":[]},{"name":"Общий","expanded":true,"children":[{"name":"Позиция","expanded":false,"children":[]},{"name":"Размер","expanded":false,"children":[]}]},{"name":"Переменные экземпляра","expanded":true,"children":[]},{"name":"Поведения","expanded":true,"children":[]},{"name":"Эффекты","expanded":true,"children":[]},{"name":"Контейнер","expanded":true,"children":[]},{"name":"Шаблоны","expanded":true,"children":[]},{"name":"Свойства","expanded":true,"children":[]}],"scrollPosition":0}},{"uids":[436],"properties":{"properties":[{"name":"Свойства типа объекта","expanded":true,"children":[]},{"name":"Общий","expanded":true,"children":[{"name":"Позиция","expanded":false,"children":[]},{"name":"Размер","expanded":false,"children":[]}]},{"name":"Переменные экземпляра","expanded":true,"children":[]},{"name":"Поведения","expanded":true,"children":[]},{"name":"Эффекты","expanded":true,"children":[]},{"name":"Контейнер","expanded":true,"children":[]},{"name":"Шаблоны","expanded":true,"children":[]},{"name":"Свойства","expanded":true,"children":[]}],"scrollPosition":0}},{"uids":[234],"properties":{"properties":[{"name":"Свойства типа объекта","expanded":true,"children":[]},{"name":"Общий","expanded":true,"children":[{"name":"Позиция","expanded":false,"children":[]},{"name":"Размер","expanded":false,"children":[]}]},{"name":"Переменные экземпляра","expanded":true,"children":[]},{"name":"Поведения","expanded":true,"children":[]},{"name":"Эффекты","expanded":true,"children":[]},{"name":"Контейнер","expanded":true,"children":[]},{"name":"Шаблоны","expanded":true,"children":[]},{"name":"Свойства","expanded":true,"children":[]}],"scrollPosition":0}},{"uids":[238],"properties":{"properties":[{"name":"Свойства типа объекта","expanded":true,"children":[]},{"name":"Общий","expanded":true,"children":[{"name":"Позиция","expanded":false,"children":[]},{"name":"Размер","expanded":false,"children":[]}]},{"name":"Переменные экземпляра","expanded":true,"children":[]},{"name":"Поведения","expanded":true,"children":[]},{"name":"Эффекты","expanded":true,"children":[]},{"name":"Контейнер","expanded":true,"children":[]},{"name":"Шаблоны","expanded":true,"children":[]},{"name":"Свойства","expanded":true,"children":[]}],"scrollPosition":0}},{"uids":[239],"properties":{"properties":[{"name":"Свойства типа объекта","expanded":true,"children":[]},{"name":"Общий","expanded":true,"children":[{"name":"Позиция","expanded":false,"children":[]},{"name":"Размер","expanded":false,"children":[]}]},{"name":"Переменные экземпляра","expanded":true,"children":[]},{"name":"Поведения","expanded":true,"children":[]},{"name":"Эффекты","expanded":true,"children":[]},{"name":"Контейнер","expanded":true,"children":[]},{"name":"Шаблоны","expanded":true,"children":[]},{"name":"Свойства","expanded":true,"children":[]}],"scrollPosition":0}},{"uids":[411],"properties":{"properties":[{"name":"Свойства типа объекта","expanded":true,"children":[]},{"name":"Общий","expanded":true,"children":[{"name":"Позиция","expanded":false,"children":[]},{"name":"Размер","expanded":false,"children":[]}]},{"name":"Переменные экземпляра","expanded":true,"children":[]},{"name":"Поведения","expanded":true,"children":[{"name":"Твердый","expanded":true,"children":[]}]},{"name":"Эффекты","expanded":true,"children":[]},{"name":"Контейнер","expanded":true,"children":[]},{"name":"Шаблоны","expanded":true,"children":[]},{"name":"Свойства","expanded":true,"children":[]}],"scrollPosition":0}},{"uids":[353],"properties":{"properties":[{"name":"Свойства типа объекта","expanded":true,"children":[]},{"name":"Общий","expanded":true,"children":[{"name":"Позиция","expanded":false,"children":[]},{"name":"Размер","expanded":false,"children":[]}]},{"name":"Переменные экземпляра","expanded":true,"children":[]},{"name":"Поведения","expanded":true,"children":[]},{"name":"Эффекты","expanded":true,"children":[]},{"name":"Контейнер","expanded":true,"children":[]},{"name":"Шаблоны","expanded":true,"children":[]},{"name":"Свойства","expanded":true,"children":[]}],"scrollPosition":0}},{"uids":[240],"properties":{"properties":[{"name":"Свойства типа объекта","expanded":true,"children":[]},{"name":"Общий","expanded":true,"children":[{"name":"Позиция","expanded":false,"children":[]},{"name":"Размер","expanded":false,"children":[]}]},{"name":"Переменные экземпляра","expanded":true,"children":[]},{"name":"Поведения","expanded":true,"children":[]},{"name":"Эффекты","expanded":true,"children":[]},{"name":"Контейнер","expanded":true,"children":[]},{"name":"Шаблоны","expanded":true,"children":[]},{"name":"Свойства","expanded":true,"children":[]}],"scrollPosition":0}},{"uids":[458],"properties":{"properties":[{"name":"Свойства типа объекта","expanded":true,"children":[]},{"name":"Общий","expanded":true,"children":[{"name":"Позиция","expanded":false,"children":[]},{"name":"Размер","expanded":false,"children":[]}]},{"name":"Переменные экземпляра","expanded":true,"children":[]},{"name":"Поведения","expanded":true,"children":[{"name":"Якорь","expanded":true,"children":[]}]},{"name":"Эффекты","expanded":true,"children":[]},{"name":"Контейнер","expanded":true,"children":[]},{"name":"Шаблоны","expanded":true,"children":[]},{"name":"Свойства","expanded":true,"children":[]},{"name":"Настройки изображения","expanded":true,"children":[]},{"name":"[Tile randomization]","expanded":true,"children":[]}],"scrollPosition":0}},{"uids":[643],"properties":{"properties":[{"name":"Свойства типа объекта","expanded":true,"children":[]},{"name":"Общий","expanded":true,"children":[{"name":"Позиция","expanded":false,"children":[]},{"name":"Размер","expanded":false,"children":[]}]},{"name":"Переменные экземпляра","expanded":true,"children":[]},{"name":"Поведения","expanded":true,"children":[{"name":"Якорь","expanded":true,"children":[]}]},{"name":"Эффекты","expanded":true,"children":[]},{"name":"Контейнер","expanded":true,"children":[]},{"name":"Шаблоны","expanded":true,"children":[]},{"name":"Свойства","expanded":true,"children":[]}],"scrollPosition":0}},{"uids":[644],"properties":{"properties":[{"name":"Свойства типа объекта","expanded":true,"children":[]},{"name":"Общий","expanded":true,"children":[{"name":"Позиция","expanded":false,"children":[]},{"name":"Размер","expanded":false,"children":[]}]},{"name":"Переменные экземпляра","expanded":true,"children":[]},{"name":"Поведения","expanded":true,"children":[{"name":"Пуля","expanded":true,"children":[]}]},{"name":"Эффекты","expanded":true,"children":[]},{"name":"Контейнер","expanded":true,"children":[]},{"name":"Шаблоны","expanded":true,"children":[]},{"name":"Свойства","expanded":true,"children":[]}],"scrollPosition":0}},{"uids":[645],"properties":{"properties":[{"name":"Свойства типа объекта","expanded":true,"children":[]},{"name":"Общий","expanded":true,"children":[{"name":"Позиция","expanded":false,"children":[]},{"name":"Размер","expanded":false,"children":[]}]},{"name":"Переменные экземпляра","expanded":true,"children":[]},{"name":"Поведения","expanded":true,"children":[{"name":"Пуля","expanded":true,"children":[]}]},{"name":"Эффекты","expanded":true,"children":[]},{"name":"Контейнер","expanded":true,"children":[]},{"name":"Шаблоны","expanded":true,"children":[]},{"name":"Свойства","expanded":true,"children":[]}],"scrollPosition":0}},{"uids":[461],"properties":{"properties":[{"name":"Свойства типа объекта","expanded":true,"children":[]},{"name":"Общий","expanded":true,"children":[{"name":"Позиция","expanded":false,"children":[]},{"name":"Размер","expanded":false,"children":[]}]},{"name":"Переменные экземпляра","expanded":true,"children":[]},{"name":"Поведения","expanded":true,"children":[{"name":"Якорь","expanded":true,"children":[]}]},{"name":"Эффекты","expanded":true,"children":[]},{"name":"Контейнер","expanded":true,"children":[]},{"name":"Шаблоны","expanded":true,"children":[]},{"name":"Свойства","expanded":true,"children":[]}],"scrollPosition":0}},{"uids":[461],"properties":{"properties":[{"name":"Свойства типа объекта","expanded":true,"children":[]},{"name":"Общий","expanded":true,"children":[{"name":"Позиция","expanded":false,"children":[]},{"name":"Размер","expanded":false,"children":[]}]},{"name":"Переменные экземпляра","expanded":true,"children":[]},{"name":"Поведения","expanded":true,"children":[{"name":"Пуля","expanded":true,"children":[]}]},{"name":"Эффекты","expanded":true,"children":[]},{"name":"Контейнер","expanded":true,"children":[]},{"name":"Шаблоны","expanded":true,"children":[]},{"name":"Свойства","expanded":true,"children":[]}],"scrollPosition":0}},{"uids":[372],"properties":{"properties":[{"name":"Свойства типа объекта","expanded":true,"children":[]},{"name":"Общий","expanded":true,"children":[{"name":"Позиция","expanded":false,"children":[]},{"name":"Размер","expanded":false,"children":[]}]},{"name":"Переменные экземпляра","expanded":true,"children":[]},{"name":"Поведения","expanded":true,"children":[{"name":"Платформер","expanded":true,"children":[]},{"name":"СледитьЗа","expanded":true,"children":[]}]},{"name":"Эффекты","expanded":true,"children":[]},{"name":"Контейнер","expanded":true,"children":[]},{"name":"Шаблоны","expanded":true,"children":[]},{"name":"Свойства","expanded":true,"children":[]}],"scrollPosition":0}}]}