{"propertiesBar":{"properties":[{"name":"Макет","expanded":true,"children":[{"name":"Размер","expanded":false,"children":[]},{"name":"Точка схода","expanded":false,"children":[]}]},{"name":"Эффекты","expanded":true,"children":[]},{"name":"Редактор","expanded":true,"children":[{"name":"Граница экрана","expanded":false,"children":[]},{"name":"Размер сетки","expanded":false,"children":[]},{"name":"Смещение сетки","expanded":false,"children":[]}]}],"scrollPosition":0},"layersBar":{"name":"<root>","children":[{"name":"Paralacs","expanded":true,"children":[]},{"name":"Main","expanded":true,"children":[]}]},"grid":{"show":true,"snap":true,"width":37,"height":37,"offsetX":0,"offsetY":0},"marginWidth":1000,"marginHeight":1000,"showCollisionPolygons":false,"showMeshes":false,"showTranslucentInactiveLayers":true,"showSceneGraphConnections":true,"tabColor":[0.9999999999999999,0.95,0.8000000000000002,1],"tabTextColor":null,"layers":[{"name":"Main","propertiesBar":{"properties":[{"name":"Свойства слоя","expanded":true,"children":[]},{"name":"Прокрутка и масштабирование","expanded":true,"children":[{"name":"Параллакс","expanded":false,"children":[]}]},{"name":"Внешность","expanded":true,"children":[]},{"name":"Эффекты","expanded":true,"children":[]},{"name":"Редактор","expanded":true,"children":[]}],"scrollPosition":0},"visibleInEditor":true,"locked":false,"parallaxInEditor":false,"opacity":1,"translucent":false},{"name":"Paralacs","propertiesBar":{"properties":[{"name":"Свойства слоя","expanded":true,"children":[]},{"name":"Прокрутка и масштабирование","expanded":true,"children":[{"name":"Параллакс","expanded":false,"children":[]}]},{"name":"Внешность","expanded":true,"children":[]},{"name":"Эффекты","expanded":true,"children":[]},{"name":"Редактор","expanded":true,"children":[]}],"scrollPosition":0},"visibleInEditor":true,"locked":true,"parallaxInEditor":false,"opacity":0.33,"translucent":true}],"view":{"x":553.3138089457462,"y":461.90323134181983,"z":250.65441611121057,"activeLayer":"Main"},"selectedInstances":[589],"lockedInstances":[],"instanceCollections":[{"uids":[628,629],"properties":{"properties":[{"name":"Свойства типа объекта","expanded":true,"children":[]},{"name":"Общий","expanded":true,"children":[{"name":"Позиция","expanded":false,"children":[]},{"name":"Размер","expanded":false,"children":[]}]},{"name":"Переменные экземпляра","expanded":true,"children":[]},{"name":"Поведения","expanded":true,"children":[{"name":"Твердый","expanded":true,"children":[]}]},{"name":"Эффекты","expanded":true,"children":[]},{"name":"Контейнер","expanded":true,"children":[]},{"name":"Шаблоны","expanded":true,"children":[]},{"name":"Свойства","expanded":true,"children":[]}],"scrollPosition":0}},{"uids":[628,630],"properties":{"properties":[{"name":"Свойства типа объекта","expanded":true,"children":[]},{"name":"Общий","expanded":true,"children":[{"name":"Позиция","expanded":false,"children":[]},{"name":"Размер","expanded":false,"children":[]}]},{"name":"Переменные экземпляра","expanded":true,"children":[]},{"name":"Поведения","expanded":true,"children":[{"name":"Твердый","expanded":true,"children":[]}]},{"name":"Эффекты","expanded":true,"children":[]},{"name":"Контейнер","expanded":true,"children":[]},{"name":"Шаблоны","expanded":true,"children":[]},{"name":"Свойства","expanded":true,"children":[]}],"scrollPosition":0}},{"uids":[628,631],"properties":{"properties":[{"name":"Свойства типа объекта","expanded":true,"children":[]},{"name":"Общий","expanded":true,"children":[{"name":"Позиция","expanded":false,"children":[]},{"name":"Размер","expanded":false,"children":[]}]},{"name":"Переменные экземпляра","expanded":true,"children":[]},{"name":"Поведения","expanded":true,"children":[{"name":"Твердый","expanded":true,"children":[]}]},{"name":"Эффекты","expanded":true,"children":[]},{"name":"Контейнер","expanded":true,"children":[]},{"name":"Шаблоны","expanded":true,"children":[]},{"name":"Свойства","expanded":true,"children":[]}],"scrollPosition":0}},{"uids":[628,632],"properties":{"properties":[{"name":"Свойства типа объекта","expanded":true,"children":[]},{"name":"Общий","expanded":true,"children":[{"name":"Позиция","expanded":false,"children":[]},{"name":"Размер","expanded":false,"children":[]}]},{"name":"Переменные экземпляра","expanded":true,"children":[]},{"name":"Поведения","expanded":true,"children":[{"name":"Твердый","expanded":true,"children":[]}]},{"name":"Эффекты","expanded":true,"children":[]},{"name":"Контейнер","expanded":true,"children":[]},{"name":"Шаблоны","expanded":true,"children":[]},{"name":"Свойства","expanded":true,"children":[]}],"scrollPosition":0}},{"uids":[594,636],"properties":{"properties":[{"name":"Свойства типа объекта","expanded":true,"children":[]},{"name":"Общий","expanded":true,"children":[{"name":"Позиция","expanded":false,"children":[]},{"name":"Размер","expanded":false,"children":[]}]},{"name":"Переменные экземпляра","expanded":true,"children":[]},{"name":"Поведения","expanded":true,"children":[]},{"name":"Эффекты","expanded":true,"children":[]},{"name":"Контейнер","expanded":true,"children":[]},{"name":"Шаблоны","expanded":true,"children":[]},{"name":"Свойства","expanded":true,"children":[]}],"scrollPosition":0}},{"uids":[636,637],"properties":{"properties":[{"name":"Свойства типа объекта","expanded":true,"children":[]},{"name":"Общий","expanded":true,"children":[{"name":"Позиция","expanded":false,"children":[]},{"name":"Размер","expanded":false,"children":[]}]},{"name":"Переменные экземпляра","expanded":true,"children":[]},{"name":"Поведения","expanded":true,"children":[]},{"name":"Эффекты","expanded":true,"children":[]},{"name":"Контейнер","expanded":true,"children":[]},{"name":"Шаблоны","expanded":true,"children":[]},{"name":"Свойства","expanded":true,"children":[]}],"scrollPosition":0}},{"uids":[636,638],"properties":{"properties":[{"name":"Свойства типа объекта","expanded":true,"children":[]},{"name":"Общий","expanded":true,"children":[{"name":"Позиция","expanded":false,"children":[]},{"name":"Размер","expanded":false,"children":[]}]},{"name":"Переменные экземпляра","expanded":true,"children":[]},{"name":"Поведения","expanded":true,"children":[]},{"name":"Эффекты","expanded":true,"children":[]},{"name":"Контейнер","expanded":true,"children":[]},{"name":"Шаблоны","expanded":true,"children":[]},{"name":"Свойства","expanded":true,"children":[]}],"scrollPosition":0}},{"uids":[629],"properties":{"properties":[{"name":"Свойства типа объекта","expanded":true,"children":[]},{"name":"Общий","expanded":true,"children":[{"name":"Позиция","expanded":false,"children":[]},{"name":"Размер","expanded":false,"children":[]}]},{"name":"Переменные экземпляра","expanded":true,"children":[]},{"name":"Поведения","expanded":true,"children":[{"name":"Твердый","expanded":true,"children":[]}]},{"name":"Эффекты","expanded":true,"children":[]},{"name":"Контейнер","expanded":true,"children":[]},{"name":"Шаблоны","expanded":true,"children":[]},{"name":"Свойства","expanded":true,"children":[]}],"scrollPosition":0}},{"uids":[629],"properties":{"properties":[{"name":"Свойства типа объекта","expanded":true,"children":[]},{"name":"Общий","expanded":true,"children":[{"name":"Позиция","expanded":false,"children":[]},{"name":"Размер","expanded":false,"children":[]}]},{"name":"Переменные экземпляра","expanded":true,"children":[]},{"name":"Поведения","expanded":true,"children":[{"name":"Твердый","expanded":true,"children":[]}]},{"name":"Эффекты","expanded":true,"children":[]},{"name":"Контейнер","expanded":true,"children":[]},{"name":"Шаблоны","expanded":true,"children":[]},{"name":"Свойства","expanded":true,"children":[]}],"scrollPosition":0}},{"uids":[627],"properties":{"properties":[{"name":"Свойства типа объекта","expanded":true,"children":[]},{"name":"Общий","expanded":true,"children":[{"name":"Позиция","expanded":false,"children":[]},{"name":"Размер","expanded":false,"children":[]}]},{"name":"Переменные экземпляра","expanded":true,"children":[]},{"name":"Поведения","expanded":true,"children":[]},{"name":"Эффекты","expanded":true,"children":[]},{"name":"Контейнер","expanded":true,"children":[]},{"name":"Шаблоны","expanded":true,"children":[]},{"name":"Свойства","expanded":true,"children":[]}],"scrollPosition":0}},{"uids":[571],"properties":{"properties":[{"name":"Свойства типа объекта","expanded":true,"children":[]},{"name":"Общий","expanded":true,"children":[{"name":"Позиция","expanded":false,"children":[]},{"name":"Размер","expanded":false,"children":[]}]},{"name":"Переменные экземпляра","expanded":true,"children":[]},{"name":"Поведения","expanded":true,"children":[{"name":"Поворот","expanded":true,"children":[]}]},{"name":"Эффекты","expanded":true,"children":[]},{"name":"Контейнер","expanded":true,"children":[]},{"name":"Шаблоны","expanded":true,"children":[]},{"name":"Свойства","expanded":true,"children":[]}],"scrollPosition":0}},{"uids":[571],"properties":{"properties":[{"name":"Свойства типа объекта","expanded":true,"children":[]},{"name":"Общий","expanded":true,"children":[{"name":"Позиция","expanded":false,"children":[]},{"name":"Размер","expanded":false,"children":[]}]},{"name":"Переменные экземпляра","expanded":true,"children":[]},{"name":"Поведения","expanded":true,"children":[]},{"name":"Эффекты","expanded":true,"children":[]},{"name":"Контейнер","expanded":true,"children":[]},{"name":"Шаблоны","expanded":true,"children":[]},{"name":"Свойства","expanded":true,"children":[]}],"scrollPosition":0}},{"uids":[493],"properties":{"properties":[{"name":"Свойства типа объекта","expanded":true,"children":[]},{"name":"Общий","expanded":true,"children":[{"name":"Позиция","expanded":false,"children":[]},{"name":"Размер","expanded":false,"children":[]}]},{"name":"Переменные экземпляра","expanded":true,"children":[]},{"name":"Поведения","expanded":true,"children":[]},{"name":"Эффекты","expanded":true,"children":[]},{"name":"Контейнер","expanded":true,"children":[]},{"name":"Шаблоны","expanded":true,"children":[]},{"name":"Свойства","expanded":true,"children":[]}],"scrollPosition":0}},{"uids":[618],"properties":{"properties":[{"name":"Свойства типа объекта","expanded":true,"children":[]},{"name":"Общий","expanded":true,"children":[{"name":"Позиция","expanded":false,"children":[]},{"name":"Размер","expanded":false,"children":[]}]},{"name":"Переменные экземпляра","expanded":true,"children":[]},{"name":"Поведения","expanded":true,"children":[]},{"name":"Эффекты","expanded":true,"children":[]},{"name":"Контейнер","expanded":true,"children":[]},{"name":"Шаблоны","expanded":true,"children":[]},{"name":"Свойства","expanded":true,"children":[]}],"scrollPosition":0}},{"uids":[607],"properties":{"properties":[{"name":"Свойства типа объекта","expanded":true,"children":[]},{"name":"Общий","expanded":true,"children":[{"name":"Позиция","expanded":false,"children":[]},{"name":"Размер","expanded":false,"children":[]}]},{"name":"Переменные экземпляра","expanded":true,"children":[]},{"name":"Поведения","expanded":true,"children":[{"name":"Твердый","expanded":true,"children":[]}]},{"name":"Эффекты","expanded":true,"children":[]},{"name":"Контейнер","expanded":true,"children":[]},{"name":"Шаблоны","expanded":true,"children":[]},{"name":"Свойства","expanded":true,"children":[]}],"scrollPosition":0}},{"uids":[620],"properties":{"properties":[{"name":"Свойства типа объекта","expanded":true,"children":[]},{"name":"Общий","expanded":true,"children":[{"name":"Позиция","expanded":false,"children":[]},{"name":"Размер","expanded":false,"children":[]}]},{"name":"Переменные экземпляра","expanded":true,"children":[]},{"name":"Поведения","expanded":true,"children":[]},{"name":"Эффекты","expanded":true,"children":[]},{"name":"Контейнер","expanded":true,"children":[]},{"name":"Шаблоны","expanded":true,"children":[]},{"name":"Свойства","expanded":true,"children":[]}],"scrollPosition":0}},{"uids":[510],"properties":{"properties":[{"name":"Свойства типа объекта","expanded":true,"children":[]},{"name":"Общий","expanded":true,"children":[{"name":"Позиция","expanded":false,"children":[]},{"name":"Размер","expanded":false,"children":[]}]},{"name":"Переменные экземпляра","expanded":true,"children":[]},{"name":"Поведения","expanded":true,"children":[{"name":"Твердый","expanded":true,"children":[]}]},{"name":"Эффекты","expanded":true,"children":[]},{"name":"Контейнер","expanded":true,"children":[]},{"name":"Шаблоны","expanded":true,"children":[]},{"name":"Свойства","expanded":true,"children":[]}],"scrollPosition":0}},{"uids":[522],"properties":{"properties":[{"name":"Свойства типа объекта","expanded":true,"children":[]},{"name":"Общий","expanded":true,"children":[{"name":"Позиция","expanded":false,"children":[]},{"name":"Размер","expanded":false,"children":[]}]},{"name":"Переменные экземпляра","expanded":true,"children":[]},{"name":"Поведения","expanded":true,"children":[{"name":"Твердый","expanded":true,"children":[]}]},{"name":"Эффекты","expanded":true,"children":[]},{"name":"Контейнер","expanded":true,"children":[]},{"name":"Шаблоны","expanded":true,"children":[]},{"name":"Свойства","expanded":true,"children":[]}],"scrollPosition":0}},{"uids":[596],"properties":{"properties":[{"name":"Свойства типа объекта","expanded":true,"children":[]},{"name":"Общий","expanded":true,"children":[{"name":"Позиция","expanded":false,"children":[]},{"name":"Размер","expanded":false,"children":[]}]},{"name":"Переменные экземпляра","expanded":true,"children":[]},{"name":"Поведения","expanded":true,"children":[]},{"name":"Эффекты","expanded":true,"children":[]},{"name":"Контейнер","expanded":true,"children":[]},{"name":"Шаблоны","expanded":true,"children":[]},{"name":"Свойства","expanded":true,"children":[]}],"scrollPosition":0}},{"uids":[595],"properties":{"properties":[{"name":"Свойства типа объекта","expanded":true,"children":[]},{"name":"Общий","expanded":true,"children":[{"name":"Позиция","expanded":false,"children":[]},{"name":"Размер","expanded":false,"children":[]}]},{"name":"Переменные экземпляра","expanded":true,"children":[]},{"name":"Поведения","expanded":true,"children":[]},{"name":"Эффекты","expanded":true,"children":[]},{"name":"Контейнер","expanded":true,"children":[]},{"name":"Шаблоны","expanded":true,"children":[]},{"name":"Свойства","expanded":true,"children":[]}],"scrollPosition":0}},{"uids":[630],"properties":{"properties":[{"name":"Свойства типа объекта","expanded":true,"children":[]},{"name":"Общий","expanded":true,"children":[{"name":"Позиция","expanded":false,"children":[]},{"name":"Размер","expanded":false,"children":[]}]},{"name":"Переменные экземпляра","expanded":true,"children":[]},{"name":"Поведения","expanded":true,"children":[{"name":"Твердый","expanded":true,"children":[]}]},{"name":"Эффекты","expanded":true,"children":[]},{"name":"Контейнер","expanded":true,"children":[]},{"name":"Шаблоны","expanded":true,"children":[]},{"name":"Свойства","expanded":true,"children":[]}],"scrollPosition":0}},{"uids":[630],"properties":{"properties":[{"name":"Свойства типа объекта","expanded":true,"children":[]},{"name":"Общий","expanded":true,"children":[{"name":"Позиция","expanded":false,"children":[]},{"name":"Размер","expanded":false,"children":[]}]},{"name":"Переменные экземпляра","expanded":true,"children":[]},{"name":"Поведения","expanded":true,"children":[{"name":"Твердый","expanded":true,"children":[]}]},{"name":"Эффекты","expanded":true,"children":[]},{"name":"Контейнер","expanded":true,"children":[]},{"name":"Шаблоны","expanded":true,"children":[]},{"name":"Свойства","expanded":true,"children":[]}],"scrollPosition":0}},{"uids":[631],"properties":{"properties":[{"name":"Свойства типа объекта","expanded":true,"children":[]},{"name":"Общий","expanded":true,"children":[{"name":"Позиция","expanded":false,"children":[]},{"name":"Размер","expanded":false,"children":[]}]},{"name":"Переменные экземпляра","expanded":true,"children":[]},{"name":"Поведения","expanded":true,"children":[{"name":"Твердый","expanded":true,"children":[]}]},{"name":"Эффекты","expanded":true,"children":[]},{"name":"Контейнер","expanded":true,"children":[]},{"name":"Шаблоны","expanded":true,"children":[]},{"name":"Свойства","expanded":true,"children":[]}],"scrollPosition":0}},{"uids":[632],"properties":{"properties":[{"name":"Свойства типа объекта","expanded":true,"children":[]},{"name":"Общий","expanded":true,"children":[{"name":"Позиция","expanded":false,"children":[]},{"name":"Размер","expanded":false,"children":[]}]},{"name":"Переменные экземпляра","expanded":true,"children":[]},{"name":"Поведения","expanded":true,"children":[{"name":"Твердый","expanded":true,"children":[]}]},{"name":"Эффекты","expanded":true,"children":[]},{"name":"Контейнер","expanded":true,"children":[]},{"name":"Шаблоны","expanded":true,"children":[]},{"name":"Свойства","expanded":true,"children":[]}],"scrollPosition":0}},{"uids":[628],"properties":{"properties":[{"name":"Свойства типа объекта","expanded":true,"children":[]},{"name":"Общий","expanded":true,"children":[{"name":"Позиция","expanded":false,"children":[]},{"name":"Размер","expanded":false,"children":[]}]},{"name":"Переменные экземпляра","expanded":true,"children":[]},{"name":"Поведения","expanded":true,"children":[{"name":"Твердый","expanded":true,"children":[]}]},{"name":"Эффекты","expanded":true,"children":[]},{"name":"Контейнер","expanded":true,"children":[]},{"name":"Шаблоны","expanded":true,"children":[]},{"name":"Свойства","expanded":true,"children":[]}],"scrollPosition":0}},{"uids":[633],"properties":{"properties":[{"name":"Свойства типа объекта","expanded":true,"children":[]},{"name":"Общий","expanded":true,"children":[{"name":"Позиция","expanded":false,"children":[]},{"name":"Размер","expanded":false,"children":[]}]},{"name":"Переменные экземпляра","expanded":true,"children":[]},{"name":"Поведения","expanded":true,"children":[{"name":"Твердый","expanded":true,"children":[]}]},{"name":"Эффекты","expanded":true,"children":[]},{"name":"Контейнер","expanded":true,"children":[]},{"name":"Шаблоны","expanded":true,"children":[]},{"name":"Свойства","expanded":true,"children":[]}],"scrollPosition":0}},{"uids":[634],"properties":{"properties":[{"name":"Свойства типа объекта","expanded":true,"children":[]},{"name":"Общий","expanded":true,"children":[{"name":"Позиция","expanded":false,"children":[]},{"name":"Размер","expanded":false,"children":[]}]},{"name":"Переменные экземпляра","expanded":true,"children":[]},{"name":"Поведения","expanded":true,"children":[{"name":"Твердый","expanded":true,"children":[]}]},{"name":"Эффекты","expanded":true,"children":[]},{"name":"Контейнер","expanded":true,"children":[]},{"name":"Шаблоны","expanded":true,"children":[]},{"name":"Свойства","expanded":true,"children":[]}],"scrollPosition":0}},{"uids":[593],"properties":{"properties":[{"name":"Свойства типа объекта","expanded":true,"children":[]},{"name":"Общий","expanded":true,"children":[{"name":"Позиция","expanded":false,"children":[]},{"name":"Размер","expanded":false,"children":[]}]},{"name":"Переменные экземпляра","expanded":true,"children":[]},{"name":"Поведения","expanded":true,"children":[]},{"name":"Эффекты","expanded":true,"children":[]},{"name":"Контейнер","expanded":true,"children":[]},{"name":"Шаблоны","expanded":true,"children":[]},{"name":"Свойства","expanded":true,"children":[]}],"scrollPosition":0}},{"uids":[559],"properties":{"properties":[{"name":"Свойства типа объекта","expanded":true,"children":[]},{"name":"Общий","expanded":true,"children":[{"name":"Позиция","expanded":false,"children":[]},{"name":"Размер","expanded":false,"children":[]}]},{"name":"Переменные экземпляра","expanded":true,"children":[]},{"name":"Поведения","expanded":true,"children":[]},{"name":"Эффекты","expanded":true,"children":[]},{"name":"Контейнер","expanded":true,"children":[]},{"name":"Шаблоны","expanded":true,"children":[]},{"name":"Свойства","expanded":true,"children":[]}],"scrollPosition":0}},{"uids":[562],"properties":{"properties":[{"name":"Свойства типа объекта","expanded":true,"children":[]},{"name":"Общий","expanded":true,"children":[{"name":"Позиция","expanded":false,"children":[]},{"name":"Размер","expanded":false,"children":[]}]},{"name":"Переменные экземпляра","expanded":true,"children":[]},{"name":"Поведения","expanded":true,"children":[]},{"name":"Эффекты","expanded":true,"children":[]},{"name":"Контейнер","expanded":true,"children":[]},{"name":"Шаблоны","expanded":true,"children":[]},{"name":"Свойства","expanded":true,"children":[]}],"scrollPosition":0}},{"uids":[573],"properties":{"properties":[{"name":"Свойства типа объекта","expanded":true,"children":[]},{"name":"Общий","expanded":true,"children":[{"name":"Позиция","expanded":false,"children":[]},{"name":"Размер","expanded":false,"children":[]}]},{"name":"Переменные экземпляра","expanded":true,"children":[]},{"name":"Поведения","expanded":true,"children":[]},{"name":"Эффекты","expanded":true,"children":[]},{"name":"Контейнер","expanded":true,"children":[]},{"name":"Шаблоны","expanded":true,"children":[]},{"name":"Свойства","expanded":true,"children":[]}],"scrollPosition":0}},{"uids":[635],"properties":{"properties":[{"name":"Свойства типа объекта","expanded":true,"children":[]},{"name":"Общий","expanded":true,"children":[{"name":"Позиция","expanded":false,"children":[]},{"name":"Размер","expanded":false,"children":[]}]},{"name":"Переменные экземпляра","expanded":true,"children":[]},{"name":"Поведения","expanded":true,"children":[]},{"name":"Эффекты","expanded":true,"children":[]},{"name":"Контейнер","expanded":true,"children":[]},{"name":"Шаблоны","expanded":true,"children":[]},{"name":"Свойства","expanded":true,"children":[]}],"scrollPosition":0}},{"uids":[594],"properties":{"properties":[{"name":"Свойства типа объекта","expanded":true,"children":[]},{"name":"Общий","expanded":true,"children":[{"name":"Позиция","expanded":false,"children":[]},{"name":"Размер","expanded":false,"children":[]}]},{"name":"Переменные экземпляра","expanded":true,"children":[]},{"name":"Поведения","expanded":true,"children":[]},{"name":"Эффекты","expanded":true,"children":[]},{"name":"Контейнер","expanded":true,"children":[]},{"name":"Шаблоны","expanded":true,"children":[]},{"name":"Свойства","expanded":true,"children":[]}],"scrollPosition":0}},{"uids":[637],"properties":{"properties":[{"name":"Свойства типа объекта","expanded":true,"children":[]},{"name":"Общий","expanded":true,"children":[{"name":"Позиция","expanded":false,"children":[]},{"name":"Размер","expanded":false,"children":[]}]},{"name":"Переменные экземпляра","expanded":true,"children":[]},{"name":"Поведения","expanded":true,"children":[]},{"name":"Эффекты","expanded":true,"children":[]},{"name":"Контейнер","expanded":true,"children":[]},{"name":"Шаблоны","expanded":true,"children":[]},{"name":"Свойства","expanded":true,"children":[]}],"scrollPosition":0}},{"uids":[638],"properties":{"properties":[{"name":"Свойства типа объекта","expanded":true,"children":[]},{"name":"Общий","expanded":true,"children":[{"name":"Позиция","expanded":false,"children":[]},{"name":"Размер","expanded":false,"children":[]}]},{"name":"Переменные экземпляра","expanded":true,"children":[]},{"name":"Поведения","expanded":true,"children":[]},{"name":"Эффекты","expanded":true,"children":[]},{"name":"Контейнер","expanded":true,"children":[]},{"name":"Шаблоны","expanded":true,"children":[]},{"name":"Свойства","expanded":true,"children":[]}],"scrollPosition":0}},{"uids":[636],"properties":{"properties":[{"name":"Свойства типа объекта","expanded":true,"children":[]},{"name":"Общий","expanded":true,"children":[{"name":"Позиция","expanded":false,"children":[]},{"name":"Размер","expanded":false,"children":[]}]},{"name":"Переменные экземпляра","expanded":true,"children":[]},{"name":"Поведения","expanded":true,"children":[]},{"name":"Эффекты","expanded":true,"children":[]},{"name":"Контейнер","expanded":true,"children":[]},{"name":"Шаблоны","expanded":true,"children":[]},{"name":"Свойства","expanded":true,"children":[]}],"scrollPosition":0}},{"uids":[639],"properties":{"properties":[{"name":"Свойства типа объекта","expanded":true,"children":[]},{"name":"Общий","expanded":true,"children":[{"name":"Позиция","expanded":false,"children":[]},{"name":"Размер","expanded":false,"children":[]}]},{"name":"Переменные экземпляра","expanded":true,"children":[]},{"name":"Поведения","expanded":true,"children":[]},{"name":"Эффекты","expanded":true,"children":[]},{"name":"Контейнер","expanded":true,"children":[]},{"name":"Шаблоны","expanded":true,"children":[]},{"name":"Свойства","expanded":true,"children":[]}],"scrollPosition":0}},{"uids":[650],"properties":{"properties":[{"name":"Свойства типа объекта","expanded":true,"children":[]},{"name":"Общий","expanded":true,"children":[{"name":"Позиция","expanded":false,"children":[]},{"name":"Размер","expanded":false,"children":[]}]},{"name":"Переменные экземпляра","expanded":true,"children":[]},{"name":"Поведения","expanded":true,"children":[{"name":"Пуля","expanded":true,"children":[]}]},{"name":"Эффекты","expanded":true,"children":[]},{"name":"Контейнер","expanded":true,"children":[]},{"name":"Шаблоны","expanded":true,"children":[]},{"name":"Свойства","expanded":true,"children":[]}],"scrollPosition":0}},{"uids":[651],"properties":{"properties":[{"name":"Свойства типа объекта","expanded":true,"children":[]},{"name":"Общий","expanded":true,"children":[{"name":"Позиция","expanded":false,"children":[]},{"name":"Размер","expanded":false,"children":[]}]},{"name":"Переменные экземпляра","expanded":true,"children":[]},{"name":"Поведения","expanded":true,"children":[{"name":"Пуля","expanded":true,"children":[]}]},{"name":"Эффекты","expanded":true,"children":[]},{"name":"Контейнер","expanded":true,"children":[]},{"name":"Шаблоны","expanded":true,"children":[]},{"name":"Свойства","expanded":true,"children":[]}],"scrollPosition":0}},{"uids":[588],"properties":{"properties":[{"name":"Свойства типа объекта","expanded":true,"children":[]},{"name":"Общий","expanded":true,"children":[{"name":"Позиция","expanded":false,"children":[]},{"name":"Размер","expanded":false,"children":[]}]},{"name":"Переменные экземпляра","expanded":true,"children":[]},{"name":"Поведения","expanded":true,"children":[{"name":"Якорь","expanded":true,"children":[]}]},{"name":"Эффекты","expanded":true,"children":[]},{"name":"Контейнер","expanded":true,"children":[]},{"name":"Шаблоны","expanded":true,"children":[]},{"name":"Свойства","expanded":true,"children":[]},{"name":"Настройки изображения","expanded":true,"children":[]},{"name":"[Tile randomization]","expanded":true,"children":[]}],"scrollPosition":0}},{"uids":[589],"properties":{"properties":[{"name":"Свойства типа объекта","expanded":true,"children":[]},{"name":"Общий","expanded":true,"children":[{"name":"Позиция","expanded":false,"children":[]},{"name":"Размер","expanded":false,"children":[]}]},{"name":"Переменные экземпляра","expanded":true,"children":[]},{"name":"Поведения","expanded":true,"children":[{"name":"Якорь","expanded":true,"children":[]}]},{"name":"Эффекты","expanded":true,"children":[]},{"name":"Контейнер","expanded":true,"children":[]},{"name":"Шаблоны","expanded":true,"children":[]},{"name":"Свойства","expanded":true,"children":[]}],"scrollPosition":0}}]}