{"propertiesBar":{"properties":[{"name":"Макет","expanded":true,"children":[{"name":"Размер","expanded":false,"children":[]},{"name":"Точка схода","expanded":false,"children":[]}]},{"name":"Эффекты","expanded":true,"children":[]},{"name":"Редактор","expanded":true,"children":[{"name":"Граница экрана","expanded":false,"children":[]},{"name":"Размер сетки","expanded":false,"children":[]},{"name":"Смещение сетки","expanded":false,"children":[]}]}],"scrollPosition":0},"layersBar":{"name":"<root>","children":[{"name":"Paralacs","expanded":true,"children":[]},{"name":"Main","expanded":true,"children":[]}]},"grid":{"show":true,"snap":true,"width":37,"height":37,"offsetX":0,"offsetY":0},"marginWidth":1000,"marginHeight":1000,"showCollisionPolygons":false,"showMeshes":false,"showTranslucentInactiveLayers":true,"showSceneGraphConnections":true,"tabColor":[0.9999999999999999,0.95,0.8000000000000002,1],"tabTextColor":null,"layers":[{"name":"Main","propertiesBar":{"properties":[{"name":"Свойства слоя","expanded":true,"children":[]},{"name":"Прокрутка и масштабирование","expanded":true,"children":[{"name":"Параллакс","expanded":false,"children":[]}]},{"name":"Внешность","expanded":true,"children":[]},{"name":"Эффекты","expanded":true,"children":[]},{"name":"Редактор","expanded":true,"children":[]}],"scrollPosition":0},"visibleInEditor":true,"locked":false,"parallaxInEditor":false,"opacity":1,"translucent":false},{"name":"Paralacs","propertiesBar":{"properties":[{"name":"Свойства слоя","expanded":true,"children":[]},{"name":"Прокрутка и масштабирование","expanded":true,"children":[{"name":"Параллакс","expanded":false,"children":[]}]},{"name":"Внешность","expanded":true,"children":[]},{"name":"Эффекты","expanded":true,"children":[]},{"name":"Редактор","expanded":true,"children":[]}],"scrollPosition":0},"visibleInEditor":true,"locked":true,"parallaxInEditor":false,"opacity":0.33,"translucent":true}],"view":{"x":861.7609494049166,"y":311.4052816208827,"z":227.8676510101914,"activeLayer":"Main"},"selectedInstances":[347],"lockedInstances":[],"instanceCollections":[{"uids":[309,323],"properties":{"properties":[{"name":"Свойства типа объекта","expanded":true,"children":[]},{"name":"Общий","expanded":true,"children":[{"name":"Позиция","expanded":false,"children":[]},{"name":"Размер","expanded":false,"children":[]}]},{"name":"Переменные экземпляра","expanded":true,"children":[]},{"name":"Поведения","expanded":true,"children":[]},{"name":"Эффекты","expanded":true,"children":[]},{"name":"Контейнер","expanded":true,"children":[]},{"name":"Шаблоны","expanded":true,"children":[]},{"name":"Свойства","expanded":true,"children":[]}],"scrollPosition":0}},{"uids":[320,351],"properties":{"properties":[{"name":"Свойства типа объекта","expanded":true,"children":[]},{"name":"Общий","expanded":true,"children":[{"name":"Позиция","expanded":false,"children":[]},{"name":"Размер","expanded":false,"children":[]}]},{"name":"Переменные экземпляра","expanded":true,"children":[]},{"name":"Поведения","expanded":true,"children":[]},{"name":"Эффекты","expanded":true,"children":[]},{"name":"Контейнер","expanded":true,"children":[]},{"name":"Шаблоны","expanded":true,"children":[]},{"name":"Свойства","expanded":true,"children":[]}],"scrollPosition":0}},{"uids":[346],"properties":{"properties":[{"name":"Свойства типа объекта","expanded":true,"children":[]},{"name":"Общий","expanded":true,"children":[{"name":"Позиция","expanded":false,"children":[]},{"name":"Размер","expanded":false,"children":[]}]},{"name":"Переменные экземпляра","expanded":true,"children":[]},{"name":"Поведения","expanded":true,"children":[{"name":"Платформер","expanded":true,"children":[]}]},{"name":"Эффекты","expanded":true,"children":[]},{"name":"Контейнер","expanded":true,"children":[]},{"name":"Шаблоны","expanded":true,"children":[]},{"name":"Свойства","expanded":true,"children":[]}],"scrollPosition":0}},{"uids":[344],"properties":{"properties":[{"name":"Свойства типа объекта","expanded":true,"children":[]},{"name":"Общий","expanded":true,"children":[{"name":"Позиция","expanded":false,"children":[]},{"name":"Размер","expanded":false,"children":[]}]},{"name":"Переменные экземпляра","expanded":true,"children":[]},{"name":"Поведения","expanded":true,"children":[{"name":"Платформер","expanded":true,"children":[]},{"name":"Синусоид","expanded":true,"children":[]}]},{"name":"Эффекты","expanded":true,"children":[]},{"name":"Контейнер","expanded":true,"children":[]},{"name":"Шаблоны","expanded":true,"children":[]},{"name":"Свойства","expanded":true,"children":[]}],"scrollPosition":0}},{"uids":[324],"properties":{"properties":[{"name":"Свойства типа объекта","expanded":true,"children":[]},{"name":"Общий","expanded":true,"children":[{"name":"Позиция","expanded":false,"children":[]},{"name":"Размер","expanded":false,"children":[]}]},{"name":"Переменные экземпляра","expanded":true,"children":[]},{"name":"Поведения","expanded":true,"children":[]},{"name":"Эффекты","expanded":true,"children":[]},{"name":"Контейнер","expanded":true,"children":[]},{"name":"Шаблоны","expanded":true,"children":[]},{"name":"Свойства","expanded":true,"children":[]}],"scrollPosition":0}},{"uids":[339],"properties":{"properties":[{"name":"Свойства типа объекта","expanded":true,"children":[]},{"name":"Общий","expanded":true,"children":[{"name":"Позиция","expanded":false,"children":[]},{"name":"Размер","expanded":false,"children":[]}]},{"name":"Переменные экземпляра","expanded":true,"children":[]},{"name":"Поведения","expanded":true,"children":[]},{"name":"Эффекты","expanded":true,"children":[]},{"name":"Контейнер","expanded":true,"children":[]},{"name":"Шаблоны","expanded":true,"children":[]},{"name":"Свойства","expanded":true,"children":[]}],"scrollPosition":0}},{"uids":[322],"properties":{"properties":[{"name":"Свойства типа объекта","expanded":true,"children":[]},{"name":"Общий","expanded":true,"children":[{"name":"Позиция","expanded":false,"children":[]},{"name":"Размер","expanded":false,"children":[]}]},{"name":"Переменные экземпляра","expanded":true,"children":[]},{"name":"Поведения","expanded":true,"children":[]},{"name":"Эффекты","expanded":true,"children":[]},{"name":"Контейнер","expanded":true,"children":[]},{"name":"Шаблоны","expanded":true,"children":[]},{"name":"Свойства","expanded":true,"children":[]}],"scrollPosition":0}},{"uids":[323],"properties":{"properties":[{"name":"Свойства типа объекта","expanded":true,"children":[]},{"name":"Общий","expanded":true,"children":[{"name":"Позиция","expanded":false,"children":[]},{"name":"Размер","expanded":false,"children":[]}]},{"name":"Переменные экземпляра","expanded":true,"children":[]},{"name":"Поведения","expanded":true,"children":[]},{"name":"Эффекты","expanded":true,"children":[]},{"name":"Контейнер","expanded":true,"children":[]},{"name":"Шаблоны","expanded":true,"children":[]},{"name":"Свойства","expanded":true,"children":[]}],"scrollPosition":0}},{"uids":[325],"properties":{"properties":[{"name":"Свойства типа объекта","expanded":true,"children":[]},{"name":"Общий","expanded":true,"children":[{"name":"Позиция","expanded":false,"children":[]},{"name":"Размер","expanded":false,"children":[]}]},{"name":"Переменные экземпляра","expanded":true,"children":[]},{"name":"Поведения","expanded":true,"children":[]},{"name":"Эффекты","expanded":true,"children":[]},{"name":"Контейнер","expanded":true,"children":[]},{"name":"Шаблоны","expanded":true,"children":[]},{"name":"Свойства","expanded":true,"children":[]}],"scrollPosition":0}},{"uids":[351],"properties":{"properties":[{"name":"Свойства типа объекта","expanded":true,"children":[]},{"name":"Общий","expanded":true,"children":[{"name":"Позиция","expanded":false,"children":[]},{"name":"Размер","expanded":false,"children":[]}]},{"name":"Переменные экземпляра","expanded":true,"children":[]},{"name":"Поведения","expanded":true,"children":[]},{"name":"Эффекты","expanded":true,"children":[]},{"name":"Контейнер","expanded":true,"children":[]},{"name":"Шаблоны","expanded":true,"children":[]},{"name":"Свойства","expanded":true,"children":[]}],"scrollPosition":0}},{"uids":[312],"properties":{"properties":[{"name":"Свойства типа объекта","expanded":true,"children":[]},{"name":"Общий","expanded":true,"children":[{"name":"Позиция","expanded":false,"children":[]},{"name":"Размер","expanded":false,"children":[]}]},{"name":"Переменные экземпляра","expanded":true,"children":[]},{"name":"Поведения","expanded":true,"children":[]},{"name":"Эффекты","expanded":true,"children":[]},{"name":"Контейнер","expanded":true,"children":[]},{"name":"Шаблоны","expanded":true,"children":[]},{"name":"Свойства","expanded":true,"children":[]}],"scrollPosition":0}},{"uids":[322],"properties":{"properties":[{"name":"Свойства типа объекта","expanded":true,"children":[]},{"name":"Общий","expanded":true,"children":[{"name":"Позиция","expanded":false,"children":[]},{"name":"Размер","expanded":false,"children":[]}]},{"name":"Переменные экземпляра","expanded":true,"children":[]},{"name":"Поведения","expanded":true,"children":[]},{"name":"Эффекты","expanded":true,"children":[]},{"name":"Контейнер","expanded":true,"children":[]},{"name":"Шаблоны","expanded":true,"children":[]},{"name":"Свойства","expanded":true,"children":[]}],"scrollPosition":0}},{"uids":[323],"properties":{"properties":[{"name":"Свойства типа объекта","expanded":true,"children":[]},{"name":"Общий","expanded":true,"children":[{"name":"Позиция","expanded":false,"children":[]},{"name":"Размер","expanded":false,"children":[]}]},{"name":"Переменные экземпляра","expanded":true,"children":[]},{"name":"Поведения","expanded":true,"children":[]},{"name":"Эффекты","expanded":true,"children":[]},{"name":"Контейнер","expanded":true,"children":[]},{"name":"Шаблоны","expanded":true,"children":[]},{"name":"Свойства","expanded":true,"children":[]}],"scrollPosition":0}},{"uids":[309],"properties":{"properties":[{"name":"Свойства типа объекта","expanded":true,"children":[]},{"name":"Общий","expanded":true,"children":[{"name":"Позиция","expanded":false,"children":[]},{"name":"Размер","expanded":false,"children":[]}]},{"name":"Переменные экземпляра","expanded":true,"children":[]},{"name":"Поведения","expanded":true,"children":[]},{"name":"Эффекты","expanded":true,"children":[]},{"name":"Контейнер","expanded":true,"children":[]},{"name":"Шаблоны","expanded":true,"children":[]},{"name":"Свойства","expanded":true,"children":[]}],"scrollPosition":0}},{"uids":[324],"properties":{"properties":[{"name":"Свойства типа объекта","expanded":true,"children":[]},{"name":"Общий","expanded":true,"children":[{"name":"Позиция","expanded":false,"children":[]},{"name":"Размер","expanded":false,"children":[]}]},{"name":"Переменные экземпляра","expanded":true,"children":[]},{"name":"Поведения","expanded":true,"children":[]},{"name":"Эффекты","expanded":true,"children":[]},{"name":"Контейнер","expanded":true,"children":[]},{"name":"Шаблоны","expanded":true,"children":[]},{"name":"Свойства","expanded":true,"children":[]}],"scrollPosition":0}},{"uids":[325],"properties":{"properties":[{"name":"Свойства типа объекта","expanded":true,"children":[]},{"name":"Общий","expanded":true,"children":[{"name":"Позиция","expanded":false,"children":[]},{"name":"Размер","expanded":false,"children":[]}]},{"name":"Переменные экземпляра","expanded":true,"children":[]},{"name":"Поведения","expanded":true,"children":[]},{"name":"Эффекты","expanded":true,"children":[]},{"name":"Контейнер","expanded":true,"children":[]},{"name":"Шаблоны","expanded":true,"children":[]},{"name":"Свойства","expanded":true,"children":[]}],"scrollPosition":0}},{"uids":[339],"properties":{"properties":[{"name":"Свойства типа объекта","expanded":true,"children":[]},{"name":"Общий","expanded":true,"children":[{"name":"Позиция","expanded":false,"children":[]},{"name":"Размер","expanded":false,"children":[]}]},{"name":"Переменные экземпляра","expanded":true,"children":[]},{"name":"Поведения","expanded":true,"children":[]},{"name":"Эффекты","expanded":true,"children":[]},{"name":"Контейнер","expanded":true,"children":[]},{"name":"Шаблоны","expanded":true,"children":[]},{"name":"Свойства","expanded":true,"children":[]}],"scrollPosition":0}},{"uids":[346],"properties":{"properties":[{"name":"Свойства типа объекта","expanded":true,"children":[]},{"name":"Общий","expanded":true,"children":[{"name":"Позиция","expanded":false,"children":[]},{"name":"Размер","expanded":false,"children":[]}]},{"name":"Переменные экземпляра","expanded":true,"children":[]},{"name":"Поведения","expanded":true,"children":[]},{"name":"Эффекты","expanded":true,"children":[]},{"name":"Контейнер","expanded":true,"children":[]},{"name":"Шаблоны","expanded":true,"children":[]},{"name":"Свойства","expanded":true,"children":[]}],"scrollPosition":0}},{"uids":[310],"properties":{"properties":[{"name":"Свойства типа объекта","expanded":true,"children":[]},{"name":"Общий","expanded":true,"children":[{"name":"Позиция","expanded":false,"children":[]},{"name":"Размер","expanded":false,"children":[]}]},{"name":"Переменные экземпляра","expanded":true,"children":[]},{"name":"Поведения","expanded":true,"children":[]},{"name":"Эффекты","expanded":true,"children":[]},{"name":"Контейнер","expanded":true,"children":[]},{"name":"Шаблоны","expanded":true,"children":[]},{"name":"Свойства","expanded":true,"children":[]}],"scrollPosition":0}},{"uids":[243],"properties":{"properties":[{"name":"Свойства типа объекта","expanded":true,"children":[]},{"name":"Общий","expanded":true,"children":[{"name":"Позиция","expanded":false,"children":[]},{"name":"Размер","expanded":false,"children":[]}]},{"name":"Переменные экземпляра","expanded":true,"children":[]},{"name":"Поведения","expanded":true,"children":[]},{"name":"Эффекты","expanded":true,"children":[]},{"name":"Контейнер","expanded":true,"children":[]},{"name":"Шаблоны","expanded":true,"children":[]},{"name":"Свойства","expanded":true,"children":[]}],"scrollPosition":0}},{"uids":[344],"properties":{"properties":[{"name":"Свойства типа объекта","expanded":true,"children":[]},{"name":"Общий","expanded":true,"children":[{"name":"Позиция","expanded":false,"children":[]},{"name":"Размер","expanded":false,"children":[]}]},{"name":"Переменные экземпляра","expanded":true,"children":[]},{"name":"Поведения","expanded":true,"children":[]},{"name":"Эффекты","expanded":true,"children":[]},{"name":"Контейнер","expanded":true,"children":[]},{"name":"Шаблоны","expanded":true,"children":[]},{"name":"Свойства","expanded":true,"children":[]}],"scrollPosition":0}},{"uids":[313],"properties":{"properties":[{"name":"Свойства типа объекта","expanded":true,"children":[]},{"name":"Общий","expanded":true,"children":[{"name":"Позиция","expanded":false,"children":[]},{"name":"Размер","expanded":false,"children":[]}]},{"name":"Переменные экземпляра","expanded":true,"children":[]},{"name":"Поведения","expanded":true,"children":[]},{"name":"Эффекты","expanded":true,"children":[]},{"name":"Контейнер","expanded":true,"children":[]},{"name":"Шаблоны","expanded":true,"children":[]},{"name":"Свойства","expanded":true,"children":[]}],"scrollPosition":0}},{"uids":[326],"properties":{"properties":[{"name":"Свойства типа объекта","expanded":true,"children":[]},{"name":"Общий","expanded":true,"children":[{"name":"Позиция","expanded":false,"children":[]},{"name":"Размер","expanded":false,"children":[]}]},{"name":"Переменные экземпляра","expanded":true,"children":[]},{"name":"Поведения","expanded":true,"children":[{"name":"Поворот","expanded":true,"children":[]}]},{"name":"Эффекты","expanded":true,"children":[]},{"name":"Контейнер","expanded":true,"children":[]},{"name":"Шаблоны","expanded":true,"children":[]},{"name":"Свойства","expanded":true,"children":[]}],"scrollPosition":0}},{"uids":[315],"properties":{"properties":[{"name":"Свойства типа объекта","expanded":true,"children":[]},{"name":"Общий","expanded":true,"children":[{"name":"Позиция","expanded":false,"children":[]},{"name":"Размер","expanded":false,"children":[]}]},{"name":"Переменные экземпляра","expanded":true,"children":[]},{"name":"Поведения","expanded":true,"children":[]},{"name":"Эффекты","expanded":true,"children":[]},{"name":"Контейнер","expanded":true,"children":[]},{"name":"Шаблоны","expanded":true,"children":[]},{"name":"Свойства","expanded":true,"children":[]}],"scrollPosition":0}},{"uids":[351],"properties":{"properties":[{"name":"Свойства типа объекта","expanded":true,"children":[]},{"name":"Общий","expanded":true,"children":[{"name":"Позиция","expanded":false,"children":[]},{"name":"Размер","expanded":false,"children":[]}]},{"name":"Переменные экземпляра","expanded":true,"children":[]},{"name":"Поведения","expanded":true,"children":[]},{"name":"Эффекты","expanded":true,"children":[]},{"name":"Контейнер","expanded":true,"children":[]},{"name":"Шаблоны","expanded":true,"children":[]},{"name":"Свойства","expanded":true,"children":[]}],"scrollPosition":0}},{"uids":[320],"properties":{"properties":[{"name":"Свойства типа объекта","expanded":true,"children":[]},{"name":"Общий","expanded":true,"children":[{"name":"Позиция","expanded":false,"children":[]},{"name":"Размер","expanded":false,"children":[]}]},{"name":"Переменные экземпляра","expanded":true,"children":[]},{"name":"Поведения","expanded":true,"children":[]},{"name":"Эффекты","expanded":true,"children":[]},{"name":"Контейнер","expanded":true,"children":[]},{"name":"Шаблоны","expanded":true,"children":[]},{"name":"Свойства","expanded":true,"children":[]}],"scrollPosition":0}},{"uids":[431],"properties":{"properties":[{"name":"Свойства типа объекта","expanded":true,"children":[]},{"name":"Общий","expanded":true,"children":[{"name":"Позиция","expanded":false,"children":[]},{"name":"Размер","expanded":false,"children":[]}]},{"name":"Переменные экземпляра","expanded":true,"children":[]},{"name":"Поведения","expanded":true,"children":[]},{"name":"Эффекты","expanded":true,"children":[]},{"name":"Контейнер","expanded":true,"children":[]},{"name":"Шаблоны","expanded":true,"children":[]},{"name":"Свойства","expanded":true,"children":[]}],"scrollPosition":0}},{"uids":[432],"properties":{"properties":[{"name":"Свойства типа объекта","expanded":true,"children":[]},{"name":"Общий","expanded":true,"children":[{"name":"Позиция","expanded":false,"children":[]},{"name":"Размер","expanded":false,"children":[]}]},{"name":"Переменные экземпляра","expanded":true,"children":[]},{"name":"Поведения","expanded":true,"children":[]},{"name":"Эффекты","expanded":true,"children":[]},{"name":"Контейнер","expanded":true,"children":[]},{"name":"Шаблоны","expanded":true,"children":[]},{"name":"Свойства","expanded":true,"children":[]}],"scrollPosition":0}},{"uids":[433],"properties":{"properties":[{"name":"Свойства типа объекта","expanded":true,"children":[]},{"name":"Общий","expanded":true,"children":[{"name":"Позиция","expanded":false,"children":[]},{"name":"Размер","expanded":false,"children":[]}]},{"name":"Переменные экземпляра","expanded":true,"children":[]},{"name":"Поведения","expanded":true,"children":[]},{"name":"Эффекты","expanded":true,"children":[]},{"name":"Контейнер","expanded":true,"children":[]},{"name":"Шаблоны","expanded":true,"children":[]},{"name":"Свойства","expanded":true,"children":[]}],"scrollPosition":0}},{"uids":[430],"properties":{"properties":[{"name":"Свойства типа объекта","expanded":true,"children":[]},{"name":"Общий","expanded":true,"children":[{"name":"Позиция","expanded":false,"children":[]},{"name":"Размер","expanded":false,"children":[]}]},{"name":"Переменные экземпляра","expanded":true,"children":[]},{"name":"Поведения","expanded":true,"children":[]},{"name":"Эффекты","expanded":true,"children":[]},{"name":"Контейнер","expanded":true,"children":[]},{"name":"Шаблоны","expanded":true,"children":[]},{"name":"Свойства","expanded":true,"children":[]}],"scrollPosition":0}},{"uids":[443],"properties":{"properties":[{"name":"Свойства типа объекта","expanded":true,"children":[]},{"name":"Общий","expanded":true,"children":[{"name":"Позиция","expanded":false,"children":[]},{"name":"Размер","expanded":false,"children":[]}]},{"name":"Переменные экземпляра","expanded":true,"children":[]},{"name":"Поведения","expanded":true,"children":[]},{"name":"Эффекты","expanded":true,"children":[]},{"name":"Контейнер","expanded":true,"children":[]},{"name":"Шаблоны","expanded":true,"children":[]},{"name":"Свойства","expanded":true,"children":[]}],"scrollPosition":0}},{"uids":[318],"properties":{"properties":[{"name":"Свойства типа объекта","expanded":true,"children":[]},{"name":"Общий","expanded":true,"children":[{"name":"Позиция","expanded":false,"children":[]},{"name":"Размер","expanded":false,"children":[]}]},{"name":"Переменные экземпляра","expanded":true,"children":[]},{"name":"Поведения","expanded":true,"children":[]},{"name":"Эффекты","expanded":true,"children":[]},{"name":"Контейнер","expanded":true,"children":[]},{"name":"Шаблоны","expanded":true,"children":[]},{"name":"Свойства","expanded":true,"children":[]}],"scrollPosition":0}},{"uids":[302],"properties":{"properties":[{"name":"Свойства типа объекта","expanded":true,"children":[]},{"name":"Общий","expanded":true,"children":[{"name":"Позиция","expanded":false,"children":[]},{"name":"Размер","expanded":false,"children":[]}]},{"name":"Переменные экземпляра","expanded":true,"children":[]},{"name":"Поведения","expanded":true,"children":[{"name":"Твердый","expanded":true,"children":[]}]},{"name":"Эффекты","expanded":true,"children":[]},{"name":"Контейнер","expanded":true,"children":[]},{"name":"Шаблоны","expanded":true,"children":[]},{"name":"Свойства","expanded":true,"children":[]}],"scrollPosition":0}},{"uids":[342],"properties":{"properties":[{"name":"Свойства типа объекта","expanded":true,"children":[]},{"name":"Общий","expanded":true,"children":[{"name":"Позиция","expanded":false,"children":[]},{"name":"Размер","expanded":false,"children":[]}]},{"name":"Переменные экземпляра","expanded":true,"children":[]},{"name":"Поведения","expanded":true,"children":[{"name":"Твердый","expanded":true,"children":[]}]},{"name":"Эффекты","expanded":true,"children":[]},{"name":"Контейнер","expanded":true,"children":[]},{"name":"Шаблоны","expanded":true,"children":[]},{"name":"Свойства","expanded":true,"children":[]}],"scrollPosition":0}},{"uids":[302],"properties":{"properties":[{"name":"Свойства типа объекта","expanded":true,"children":[]},{"name":"Общий","expanded":true,"children":[{"name":"Позиция","expanded":false,"children":[]},{"name":"Размер","expanded":false,"children":[]}]},{"name":"Переменные экземпляра","expanded":true,"children":[]},{"name":"Поведения","expanded":true,"children":[{"name":"Твердый","expanded":true,"children":[]}]},{"name":"Эффекты","expanded":true,"children":[]},{"name":"Контейнер","expanded":true,"children":[]},{"name":"Шаблоны","expanded":true,"children":[]},{"name":"Свойства","expanded":true,"children":[]}],"scrollPosition":0}},{"uids":[341],"properties":{"properties":[{"name":"Свойства типа объекта","expanded":true,"children":[]},{"name":"Общий","expanded":true,"children":[{"name":"Позиция","expanded":false,"children":[]},{"name":"Размер","expanded":false,"children":[]}]},{"name":"Переменные экземпляра","expanded":true,"children":[]},{"name":"Поведения","expanded":true,"children":[{"name":"Твердый","expanded":true,"children":[]}]},{"name":"Эффекты","expanded":true,"children":[]},{"name":"Контейнер","expanded":true,"children":[]},{"name":"Шаблоны","expanded":true,"children":[]},{"name":"Свойства","expanded":true,"children":[]}],"scrollPosition":0}},{"uids":[472],"properties":{"properties":[{"name":"Свойства типа объекта","expanded":true,"children":[]},{"name":"Общий","expanded":true,"children":[{"name":"Позиция","expanded":false,"children":[]},{"name":"Размер","expanded":false,"children":[]}]},{"name":"Переменные экземпляра","expanded":true,"children":[]},{"name":"Поведения","expanded":true,"children":[{"name":"Твердый","expanded":true,"children":[]}]},{"name":"Эффекты","expanded":true,"children":[]},{"name":"Контейнер","expanded":true,"children":[]},{"name":"Шаблоны","expanded":true,"children":[]},{"name":"Свойства","expanded":true,"children":[]}],"scrollPosition":0}},{"uids":[474],"properties":{"properties":[{"name":"Свойства типа объекта","expanded":true,"children":[]},{"name":"Общий","expanded":true,"children":[{"name":"Позиция","expanded":false,"children":[]},{"name":"Размер","expanded":false,"children":[]}]},{"name":"Переменные экземпляра","expanded":true,"children":[]},{"name":"Поведения","expanded":true,"children":[{"name":"Твердый","expanded":true,"children":[]}]},{"name":"Эффекты","expanded":true,"children":[]},{"name":"Контейнер","expanded":true,"children":[]},{"name":"Шаблоны","expanded":true,"children":[]},{"name":"Свойства","expanded":true,"children":[]}],"scrollPosition":0}},{"uids":[475],"properties":{"properties":[{"name":"Свойства типа объекта","expanded":true,"children":[]},{"name":"Общий","expanded":true,"children":[{"name":"Позиция","expanded":false,"children":[]},{"name":"Размер","expanded":false,"children":[]}]},{"name":"Переменные экземпляра","expanded":true,"children":[]},{"name":"Поведения","expanded":true,"children":[{"name":"Твердый","expanded":true,"children":[]}]},{"name":"Эффекты","expanded":true,"children":[]},{"name":"Контейнер","expanded":true,"children":[]},{"name":"Шаблоны","expanded":true,"children":[]},{"name":"Свойства","expanded":true,"children":[]}],"scrollPosition":0}},{"uids":[476],"properties":{"properties":[{"name":"Свойства типа объекта","expanded":true,"children":[]},{"name":"Общий","expanded":true,"children":[{"name":"Позиция","expanded":false,"children":[]},{"name":"Размер","expanded":false,"children":[]}]},{"name":"Переменные экземпляра","expanded":true,"children":[]},{"name":"Поведения","expanded":true,"children":[{"name":"Твердый","expanded":true,"children":[]}]},{"name":"Эффекты","expanded":true,"children":[]},{"name":"Контейнер","expanded":true,"children":[]},{"name":"Шаблоны","expanded":true,"children":[]},{"name":"Свойства","expanded":true,"children":[]}],"scrollPosition":0}},{"uids":[477],"properties":{"properties":[{"name":"Свойства типа объекта","expanded":true,"children":[]},{"name":"Общий","expanded":true,"children":[{"name":"Позиция","expanded":false,"children":[]},{"name":"Размер","expanded":false,"children":[]}]},{"name":"Переменные экземпляра","expanded":true,"children":[]},{"name":"Поведения","expanded":true,"children":[]},{"name":"Эффекты","expanded":true,"children":[]},{"name":"Контейнер","expanded":true,"children":[]},{"name":"Шаблоны","expanded":true,"children":[]},{"name":"Свойства","expanded":true,"children":[]}],"scrollPosition":0}},{"uids":[478],"properties":{"properties":[{"name":"Свойства типа объекта","expanded":true,"children":[]},{"name":"Общий","expanded":true,"children":[{"name":"Позиция","expanded":false,"children":[]},{"name":"Размер","expanded":false,"children":[]}]},{"name":"Переменные экземпляра","expanded":true,"children":[]},{"name":"Поведения","expanded":true,"children":[]},{"name":"Эффекты","expanded":true,"children":[]},{"name":"Контейнер","expanded":true,"children":[]},{"name":"Шаблоны","expanded":true,"children":[]},{"name":"Свойства","expanded":true,"children":[]}],"scrollPosition":0}},{"uids":[314],"properties":{"properties":[{"name":"Свойства типа объекта","expanded":true,"children":[]},{"name":"Общий","expanded":true,"children":[{"name":"Позиция","expanded":false,"children":[]},{"name":"Размер","expanded":false,"children":[]}]},{"name":"Переменные экземпляра","expanded":true,"children":[]},{"name":"Поведения","expanded":true,"children":[]},{"name":"Эффекты","expanded":true,"children":[]},{"name":"Контейнер","expanded":true,"children":[]},{"name":"Шаблоны","expanded":true,"children":[]},{"name":"Свойства","expanded":true,"children":[]}],"scrollPosition":0}},{"uids":[479],"properties":{"properties":[{"name":"Свойства типа объекта","expanded":true,"children":[]},{"name":"Общий","expanded":true,"children":[{"name":"Позиция","expanded":false,"children":[]},{"name":"Размер","expanded":false,"children":[]}]},{"name":"Переменные экземпляра","expanded":true,"children":[]},{"name":"Поведения","expanded":true,"children":[]},{"name":"Эффекты","expanded":true,"children":[]},{"name":"Контейнер","expanded":true,"children":[]},{"name":"Шаблоны","expanded":true,"children":[]},{"name":"Свойства","expanded":true,"children":[]}],"scrollPosition":0}},{"uids":[483],"properties":{"properties":[{"name":"Свойства типа объекта","expanded":true,"children":[]},{"name":"Общий","expanded":true,"children":[{"name":"Позиция","expanded":false,"children":[]},{"name":"Размер","expanded":false,"children":[]}]},{"name":"Переменные экземпляра","expanded":true,"children":[]},{"name":"Поведения","expanded":true,"children":[]},{"name":"Эффекты","expanded":true,"children":[]},{"name":"Контейнер","expanded":true,"children":[]},{"name":"Шаблоны","expanded":true,"children":[]},{"name":"Свойства","expanded":true,"children":[]}],"scrollPosition":0}},{"uids":[484],"properties":{"properties":[{"name":"Свойства типа объекта","expanded":true,"children":[]},{"name":"Общий","expanded":true,"children":[{"name":"Позиция","expanded":false,"children":[]},{"name":"Размер","expanded":false,"children":[]}]},{"name":"Переменные экземпляра","expanded":true,"children":[]},{"name":"Поведения","expanded":true,"children":[]},{"name":"Эффекты","expanded":true,"children":[]},{"name":"Контейнер","expanded":true,"children":[]},{"name":"Шаблоны","expanded":true,"children":[]},{"name":"Свойства","expanded":true,"children":[]}],"scrollPosition":0}},{"uids":[481],"properties":{"properties":[{"name":"Свойства типа объекта","expanded":true,"children":[]},{"name":"Общий","expanded":true,"children":[{"name":"Позиция","expanded":false,"children":[]},{"name":"Размер","expanded":false,"children":[]}]},{"name":"Переменные экземпляра","expanded":true,"children":[]},{"name":"Поведения","expanded":true,"children":[]},{"name":"Эффекты","expanded":true,"children":[]},{"name":"Контейнер","expanded":true,"children":[]},{"name":"Шаблоны","expanded":true,"children":[]},{"name":"Свойства","expanded":true,"children":[]}],"scrollPosition":0}},{"uids":[471],"properties":{"properties":[{"name":"Свойства типа объекта","expanded":true,"children":[]},{"name":"Общий","expanded":true,"children":[{"name":"Позиция","expanded":false,"children":[]},{"name":"Размер","expanded":false,"children":[]}]},{"name":"Переменные экземпляра","expanded":true,"children":[]},{"name":"Поведения","expanded":true,"children":[{"name":"Твердый","expanded":true,"children":[]}]},{"name":"Эффекты","expanded":true,"children":[]},{"name":"Контейнер","expanded":true,"children":[]},{"name":"Шаблоны","expanded":true,"children":[]},{"name":"Свойства","expanded":true,"children":[]}],"scrollPosition":0}},{"uids":[473],"properties":{"properties":[{"name":"Свойства типа объекта","expanded":true,"children":[]},{"name":"Общий","expanded":true,"children":[{"name":"Позиция","expanded":false,"children":[]},{"name":"Размер","expanded":false,"children":[]}]},{"name":"Переменные экземпляра","expanded":true,"children":[]},{"name":"Поведения","expanded":true,"children":[{"name":"Твердый","expanded":true,"children":[]}]},{"name":"Эффекты","expanded":true,"children":[]},{"name":"Контейнер","expanded":true,"children":[]},{"name":"Шаблоны","expanded":true,"children":[]},{"name":"Свойства","expanded":true,"children":[]}],"scrollPosition":0}},{"uids":[480],"properties":{"properties":[{"name":"Свойства типа объекта","expanded":true,"children":[]},{"name":"Общий","expanded":true,"children":[{"name":"Позиция","expanded":false,"children":[]},{"name":"Размер","expanded":false,"children":[]}]},{"name":"Переменные экземпляра","expanded":true,"children":[]},{"name":"Поведения","expanded":true,"children":[]},{"name":"Эффекты","expanded":true,"children":[]},{"name":"Контейнер","expanded":true,"children":[]},{"name":"Шаблоны","expanded":true,"children":[]},{"name":"Свойства","expanded":true,"children":[]}],"scrollPosition":0}},{"uids":[482],"properties":{"properties":[{"name":"Свойства типа объекта","expanded":true,"children":[]},{"name":"Общий","expanded":true,"children":[{"name":"Позиция","expanded":false,"children":[]},{"name":"Размер","expanded":false,"children":[]}]},{"name":"Переменные экземпляра","expanded":true,"children":[]},{"name":"Поведения","expanded":true,"children":[]},{"name":"Эффекты","expanded":true,"children":[]},{"name":"Контейнер","expanded":true,"children":[]},{"name":"Шаблоны","expanded":true,"children":[]},{"name":"Свойства","expanded":true,"children":[]}],"scrollPosition":0}},{"uids":[318],"properties":{"properties":[{"name":"Свойства типа объекта","expanded":true,"children":[]},{"name":"Общий","expanded":true,"children":[{"name":"Позиция","expanded":false,"children":[]},{"name":"Размер","expanded":false,"children":[]}]},{"name":"Переменные экземпляра","expanded":true,"children":[]},{"name":"Поведения","expanded":true,"children":[{"name":"Твердый","expanded":true,"children":[]}]},{"name":"Эффекты","expanded":true,"children":[]},{"name":"Контейнер","expanded":true,"children":[]},{"name":"Шаблоны","expanded":true,"children":[]},{"name":"Свойства","expanded":true,"children":[]}],"scrollPosition":0}},{"uids":[241],"properties":{"properties":[{"name":"Свойства типа объекта","expanded":true,"children":[]},{"name":"Общий","expanded":true,"children":[{"name":"Позиция","expanded":false,"children":[]},{"name":"Размер","expanded":false,"children":[]}]},{"name":"Переменные экземпляра","expanded":true,"children":[]},{"name":"Поведения","expanded":true,"children":[]},{"name":"Эффекты","expanded":true,"children":[]},{"name":"Контейнер","expanded":true,"children":[]},{"name":"Шаблоны","expanded":true,"children":[]},{"name":"Свойства","expanded":true,"children":[]}],"scrollPosition":0}},{"uids":[485],"properties":{"properties":[{"name":"Свойства типа объекта","expanded":true,"children":[]},{"name":"Общий","expanded":true,"children":[{"name":"Позиция","expanded":false,"children":[]},{"name":"Размер","expanded":false,"children":[]}]},{"name":"Переменные экземпляра","expanded":true,"children":[]},{"name":"Поведения","expanded":true,"children":[]},{"name":"Эффекты","expanded":true,"children":[]},{"name":"Контейнер","expanded":true,"children":[]},{"name":"Шаблоны","expanded":true,"children":[]},{"name":"Свойства","expanded":true,"children":[]}],"scrollPosition":0}},{"uids":[646],"properties":{"properties":[{"name":"Свойства типа объекта","expanded":true,"children":[]},{"name":"Общий","expanded":true,"children":[{"name":"Позиция","expanded":false,"children":[]},{"name":"Размер","expanded":false,"children":[]}]},{"name":"Переменные экземпляра","expanded":true,"children":[]},{"name":"Поведения","expanded":true,"children":[{"name":"Пуля","expanded":true,"children":[]}]},{"name":"Эффекты","expanded":true,"children":[]},{"name":"Контейнер","expanded":true,"children":[]},{"name":"Шаблоны","expanded":true,"children":[]},{"name":"Свойства","expanded":true,"children":[]}],"scrollPosition":0}},{"uids":[647],"properties":{"properties":[{"name":"Свойства типа объекта","expanded":true,"children":[]},{"name":"Общий","expanded":true,"children":[{"name":"Позиция","expanded":false,"children":[]},{"name":"Размер","expanded":false,"children":[]}]},{"name":"Переменные экземпляра","expanded":true,"children":[]},{"name":"Поведения","expanded":true,"children":[{"name":"Пуля","expanded":true,"children":[]}]},{"name":"Эффекты","expanded":true,"children":[]},{"name":"Контейнер","expanded":true,"children":[]},{"name":"Шаблоны","expanded":true,"children":[]},{"name":"Свойства","expanded":true,"children":[]}],"scrollPosition":0}},{"uids":[345],"properties":{"properties":[{"name":"Свойства типа объекта","expanded":true,"children":[]},{"name":"Общий","expanded":true,"children":[{"name":"Позиция","expanded":false,"children":[]},{"name":"Размер","expanded":false,"children":[]}]},{"name":"Переменные экземпляра","expanded":true,"children":[]},{"name":"Поведения","expanded":true,"children":[{"name":"Якорь","expanded":true,"children":[]}]},{"name":"Эффекты","expanded":true,"children":[]},{"name":"Контейнер","expanded":true,"children":[]},{"name":"Шаблоны","expanded":true,"children":[]},{"name":"Свойства","expanded":true,"children":[]},{"name":"Настройки изображения","expanded":true,"children":[]},{"name":"[Tile randomization]","expanded":true,"children":[]}],"scrollPosition":0}},{"uids":[347],"properties":{"properties":[{"name":"Свойства типа объекта","expanded":true,"children":[]},{"name":"Общий","expanded":true,"children":[{"name":"Позиция","expanded":false,"children":[]},{"name":"Размер","expanded":false,"children":[]}]},{"name":"Переменные экземпляра","expanded":true,"children":[]},{"name":"Поведения","expanded":true,"children":[{"name":"Якорь","expanded":true,"children":[]}]},{"name":"Эффекты","expanded":true,"children":[]},{"name":"Контейнер","expanded":true,"children":[]},{"name":"Шаблоны","expanded":true,"children":[]},{"name":"Свойства","expanded":true,"children":[]}],"scrollPosition":0}}]}