[["Ground",{"animations":"{\"expanded\":true,\"subfolders\":[]}"}],["Ground2",{"animations":"{\"expanded\":true,\"subfolders\":[]}"}],["Player",{"animations":"{\"expanded\":true,\"subfolders\":[]}"}],["Background",{"animations":"{\"expanded\":true,\"subfolders\":[]}"}],["Ground4",{"animations":"{\"expanded\":true,\"subfolders\":[]}"}],["Ground6",{"animations":"{\"expanded\":true,\"subfolders\":[]}"}],["GroundMiddle",{"animations":"{\"expanded\":true,\"subfolders\":[]}"}],["Spike",{"animations":"{\"expanded\":true,\"subfolders\":[]}"}],["Coin",{"animations":"{\"expanded\":true,\"subfolders\":[]}"}],["oneshotspike",{"animations":"{\"expanded\":true,\"subfolders\":[]}"}],["Heal",{"animations":"{\"expanded\":true,\"subfolders\":[]}"}],["Heart",{"animations":"{\"expanded\":true,\"subfolders\":[]}"}],["враг",{"animations":"{\"expanded\":true,\"subfolders\":[]}"}],["зельеУменьшения",{"animations":"{\"expanded\":true,\"subfolders\":[]}"}],["бешенныйВраг",{"animations":"{\"expanded\":true,\"subfolders\":[]}"}],["Перезагрузка",{"animations":"{\"expanded\":true,\"subfolders\":[]}"}]]