{"propertiesBar":{"properties":[{"name":"Свойства проекта","expanded":true,"children":[]},{"name":"Цвета","expanded":true,"children":[]},{"name":"Запуск","expanded":true,"children":[]},{"name":"Дисплей","expanded":true,"children":[{"name":"Размер области просмотра","expanded":false,"children":[]}]},{"name":"Дополнительно","expanded":false,"children":[]},{"name":"[Compatibility settings]","expanded":false,"children":[]},{"name":"Редактор","expanded":true,"children":[]}],"scrollPosition":0},"openTabs":{"active":{"name":"Список событий 1","type":"eventSheet"},"open":[{"name":"Level 1","type":"layout"},{"name":"Level 2","type":"layout"},{"name":"Secret level 1","type":"layout"},{"name":"Level 3","type":"layout"},{"name":"Secret level 2","type":"layout"},{"name":"Список событий 1","type":"eventSheet"}]},"previewEffects":true,"previewBrowser":"default","pauseOnUnfocus":false,"projectBar":{"name":"<root>","children":[{"name":"ZarGame - ZarGame 3.0/","expanded":true,"children":[{"name":"Макеты","expanded":true,"children":[{"name":"Level 1","expanded":true,"children":[]},{"name":"Level 2","expanded":true,"children":[]},{"name":"Level 3","expanded":true,"children":[]},{"name":"Secret level 1","expanded":true,"children":[]},{"name":"Secret level 2","expanded":true,"children":[]}]},{"name":"Списки событий","expanded":true,"children":[{"name":"Список событий 1","expanded":true,"children":[]}]},{"name":"Скрипты","expanded":true,"children":[]},{"name":"Типы объектов","expanded":true,"children":[{"name":"Background","expanded":true,"children":[]},{"name":"backportal","expanded":true,"children":[]},{"name":"backportal2","expanded":true,"children":[]},{"name":"Coin","expanded":true,"children":[]},{"name":"fake2Ground","expanded":true,"children":[]},{"name":"fakeGround","expanded":true,"children":[]},{"name":"fakespike","expanded":true,"children":[]},{"name":"Ground","expanded":true,"children":[]},{"name":"Ground2","expanded":true,"children":[]},{"name":"Ground3","expanded":true,"children":[]},{"name":"Ground4","expanded":true,"children":[]},{"name":"Ground6","expanded":true,"children":[]},{"name":"GroundMiddle","expanded":true,"children":[]},{"name":"Heal","expanded":true,"children":[]},{"name":"Heart","expanded":true,"children":[]},{"name":"oneshotspike","expanded":true,"children":[]},{"name":"Player","expanded":true,"children":[]},{"name":"portal2","expanded":true,"children":[]},{"name":"SecretPortal","expanded":true,"children":[]},{"name":"Secretportal2","expanded":true,"children":[]},{"name":"Sky","expanded":true,"children":[]},{"name":"Spike","expanded":true,"children":[]},{"name":"бешенныйВраг","expanded":true,"children":[]},{"name":"враг","expanded":true,"children":[]},{"name":"зельеУменьшения","expanded":true,"children":[]},{"name":"Кинжалвверх","expanded":true,"children":[]},{"name":"кинжаллев","expanded":true,"children":[]},{"name":"кинжалправ","expanded":true,"children":[]},{"name":"Клавиатура","expanded":true,"children":[]},{"name":"Мышь","expanded":true,"children":[]},{"name":"Перезагрузка","expanded":true,"children":[]},{"name":"ТайловыйФон","expanded":true,"children":[]},{"name":"Текст","expanded":true,"children":[]}]},{"name":"Семьи","expanded":true,"children":[]},{"name":"Шкалы времени","expanded":true,"children":[{"name":"Функции плавности","expanded":true,"children":[]},{"name":"Шкала 1","expanded":true,"children":[]}]},{"name":"Звуки","expanded":true,"children":[]},{"name":"Музыка","expanded":true,"children":[]},{"name":"Видео","expanded":true,"children":[]},{"name":"Шрифты","expanded":true,"children":[]},{"name":"Иконки","expanded":true,"children":[{"name":"Загрузка-логотипа.png","expanded":true,"children":[]},{"name":"Иконка-128.png","expanded":true,"children":[]},{"name":"Иконка-16.png","expanded":true,"children":[]},{"name":"Иконка-256.png","expanded":true,"children":[]},{"name":"Иконка-32.png","expanded":true,"children":[]},{"name":"Иконка-512.png","expanded":true,"children":[]},{"name":"Иконка-64.png","expanded":true,"children":[]}]},{"name":"Файлы","expanded":true,"children":[]}]}]},"propertiesBarActiveObject":{"name":"instances","type":"array"}}