{"propertiesBar":{},"visible":true,"locked":false,"expanded":true,"showUIElements":true,"timelineElementsCollections":[],"tracks":[],"tracksRoot":{"propertiesBar":{},"visible":true,"locked":false,"expanded":true,"showUIElements":true,"timelineElementsCollections":[],"name":"Track Folder","items":[],"subfolders":[]},"nestedTimelinesRoot":{"propertiesBar":{},"visible":true,"locked":false,"expanded":true,"showUIElements":true,"timelineElementsCollections":[],"name":"Шкалы времени","subfolders":[]}}