{
	"name": "Player",
	"plugin-id": "Sprite",
	"sid": 164929434096859,
	"isGlobal": false,
	"instanceVariables": [],
	"behaviorTypes": [
		{
			"behaviorId": "Platform",
			"name": "Платформер",
			"sid": 156647932753055
		},
		{
			"behaviorId": "scrollto",
			"name": "СледитьЗа",
			"sid": 792054637537516
		},
		{
			"behaviorId": "Flash",
			"name": "Мигание",
			"sid": 180210350394813
		}
	],
	"effectTypes": [],
	"animations": {
		"items": [
			{
				"frames": [
					{
						"width": 330,
						"height": 350,
						"originX": 0.5,
						"originY": 0.5,
						"originalSource": "",
						"exportFormat": "lossless",
						"exportQuality": 0.8,
						"imageSpriteId": 4816387,
						"collisionPoly": {
							"points": [
								0.16060606060606056,
								0.09714285714285723,
								0.6818181818181811,
								0.12571428571428583,
								0.6181818181818182,
								0.9942857142857142,
								0.22121212121212114,
								0.9942857142857142
							]
						},
						"useCollisionPoly": true,
						"duration": 1
					}
				],
				"sid": 811802616375257,
				"name": "Стоит",
				"isLooping": false,
				"isPingPong": false,
				"repeatCount": 1,
				"repeatTo": 0,
				"speed": 5
			},
			{
				"frames": [
					{
						"width": 330,
						"height": 350,
						"originX": 0.5,
						"originY": 0.5,
						"originalSource": "",
						"exportFormat": "lossless",
						"exportQuality": 0.8,
						"imageSpriteId": 5870724,
						"collisionPoly": {
							"points": [
								0.16060606060606056,
								0.09714285714285723,
								0.6818181818181811,
								0.12571428571428583,
								0.6181818181818182,
								0.9942857142857142,
								0.22121212121212114,
								0.9942857142857142
							]
						},
						"useCollisionPoly": true,
						"duration": 1
					},
					{
						"width": 330,
						"height": 350,
						"originX": 0.5,
						"originY": 0.5,
						"originalSource": "",
						"exportFormat": "lossless",
						"exportQuality": 0.8,
						"imageSpriteId": 6518480,
						"collisionPoly": {
							"points": [
								0.16060606060606056,
								0.09714285714285723,
								0.6818181818181811,
								0.12571428571428583,
								0.6181818181818182,
								0.9942857142857142,
								0.22121212121212114,
								0.9942857142857142
							]
						},
						"useCollisionPoly": true,
						"duration": 1
					},
					{
						"width": 330,
						"height": 350,
						"originX": 0.5,
						"originY": 0.5,
						"originalSource": "",
						"exportFormat": "lossless",
						"exportQuality": 0.8,
						"imageSpriteId": 7119801,
						"collisionPoly": {
							"points": [
								0.16060606060606056,
								0.09714285714285723,
								0.6818181818181811,
								0.12571428571428583,
								0.6181818181818182,
								0.9942857142857142,
								0.22121212121212114,
								0.9942857142857142
							]
						},
						"useCollisionPoly": true,
						"duration": 1
					},
					{
						"width": 330,
						"height": 350,
						"originX": 0.5,
						"originY": 0.5,
						"originalSource": "",
						"exportFormat": "lossless",
						"exportQuality": 0.8,
						"imageSpriteId": 663180,
						"collisionPoly": {
							"points": [
								0.16060606060606056,
								0.09714285714285723,
								0.6818181818181811,
								0.12571428571428583,
								0.6181818181818182,
								0.9942857142857142,
								0.22121212121212114,
								0.9942857142857142
							]
						},
						"useCollisionPoly": true,
						"duration": 1
					}
				],
				"sid": 907534801717276,
				"name": "Ходьба",
				"isLooping": true,
				"isPingPong": false,
				"repeatCount": 1,
				"repeatTo": 0,
				"speed": 5
			},
			{
				"frames": [
					{
						"width": 330,
						"height": 350,
						"originX": 0.5,
						"originY": 0.5,
						"originalSource": "",
						"exportFormat": "lossless",
						"exportQuality": 0.8,
						"imageSpriteId": 5013485,
						"collisionPoly": {
							"points": [
								0.16060606060606056,
								0.09714285714285723,
								0.6818181818181811,
								0.12571428571428583,
								0.6181818181818182,
								0.9942857142857142,
								0.22121212121212114,
								0.9942857142857142
							]
						},
						"useCollisionPoly": true,
						"duration": 1
					},
					{
						"width": 330,
						"height": 350,
						"originX": 0.5,
						"originY": 0.5,
						"originalSource": "",
						"exportFormat": "lossless",
						"exportQuality": 0.8,
						"imageSpriteId": 9649432,
						"collisionPoly": {
							"points": [
								0.16060606060606056,
								0.09714285714285723,
								0.6818181818181811,
								0.12571428571428583,
								0.6181818181818182,
								0.9942857142857142,
								0.22121212121212114,
								0.9942857142857142
							]
						},
						"useCollisionPoly": true,
						"duration": 1
					},
					{
						"width": 330,
						"height": 350,
						"originX": 0.5,
						"originY": 0.5,
						"originalSource": "",
						"exportFormat": "lossless",
						"exportQuality": 0.8,
						"imageSpriteId": 9194800,
						"collisionPoly": {
							"points": [
								0.16060606060606056,
								0.09714285714285723,
								0.6818181818181811,
								0.12571428571428583,
								0.6181818181818182,
								0.9942857142857142,
								0.22121212121212114,
								0.9942857142857142
							]
						},
						"useCollisionPoly": true,
						"duration": 1
					},
					{
						"width": 330,
						"height": 350,
						"originX": 0.5,
						"originY": 0.5,
						"originalSource": "",
						"exportFormat": "lossless",
						"exportQuality": 0.8,
						"imageSpriteId": 2969902,
						"collisionPoly": {
							"points": [
								0.16060606060606056,
								0.09714285714285723,
								0.6818181818181811,
								0.12571428571428583,
								0.6181818181818182,
								0.9942857142857142,
								0.22121212121212114,
								0.9942857142857142
							]
						},
						"useCollisionPoly": true,
						"duration": 1
					},
					{
						"width": 330,
						"height": 350,
						"originX": 0.5,
						"originY": 0.5,
						"originalSource": "",
						"exportFormat": "lossless",
						"exportQuality": 0.8,
						"imageSpriteId": 2508332,
						"collisionPoly": {
							"points": [
								0.16060606060606056,
								0.09714285714285723,
								0.6818181818181811,
								0.12571428571428583,
								0.6181818181818182,
								0.9942857142857142,
								0.22121212121212114,
								0.9942857142857142
							]
						},
						"useCollisionPoly": true,
						"duration": 1
					}
				],
				"sid": 541919317242350,
				"name": "Прыжок",
				"isLooping": false,
				"isPingPong": false,
				"repeatCount": 1,
				"repeatTo": 0,
				"speed": 5
			},
			{
				"frames": [
					{
						"width": 330,
						"height": 350,
						"originX": 0.5,
						"originY": 0.5,
						"originalSource": "",
						"exportFormat": "lossless",
						"exportQuality": 0.8,
						"imageSpriteId": 8881543,
						"collisionPoly": {
							"points": [
								0.16060606060606056,
								0.09714285714285723,
								0.6818181818181811,
								0.12571428571428583,
								0.6181818181818182,
								0.9942857142857142,
								0.22121212121212114,
								0.9942857142857142
							]
						},
						"useCollisionPoly": true,
						"duration": 1
					},
					{
						"width": 330,
						"height": 350,
						"originX": 0.5,
						"originY": 0.5,
						"originalSource": "",
						"exportFormat": "lossless",
						"exportQuality": 0.8,
						"imageSpriteId": 8313026,
						"collisionPoly": {
							"points": [
								0.16060606060606056,
								0.09714285714285723,
								0.6818181818181811,
								0.12571428571428583,
								0.6181818181818182,
								0.9942857142857142,
								0.22121212121212114,
								0.9942857142857142
							]
						},
						"useCollisionPoly": true,
						"duration": 1
					},
					{
						"width": 330,
						"height": 350,
						"originX": 0.5,
						"originY": 0.5,
						"originalSource": "",
						"exportFormat": "lossless",
						"exportQuality": 0.8,
						"imageSpriteId": 2781860,
						"collisionPoly": {
							"points": [
								0.16060606060606056,
								0.09714285714285723,
								0.6818181818181811,
								0.12571428571428583,
								0.6181818181818182,
								0.9942857142857142,
								0.22121212121212114,
								0.9942857142857142
							]
						},
						"useCollisionPoly": true,
						"duration": 1
					},
					{
						"width": 330,
						"height": 350,
						"originX": 0.5,
						"originY": 0.5,
						"originalSource": "",
						"exportFormat": "lossless",
						"exportQuality": 0.8,
						"imageSpriteId": 6308603,
						"collisionPoly": {
							"points": [
								0.16060606060606056,
								0.09714285714285723,
								0.6818181818181811,
								0.12571428571428583,
								0.6181818181818182,
								0.9942857142857142,
								0.22121212121212114,
								0.9942857142857142
							]
						},
						"useCollisionPoly": true,
						"duration": 1
					},
					{
						"width": 330,
						"height": 350,
						"originX": 0.5,
						"originY": 0.5,
						"originalSource": "",
						"exportFormat": "lossless",
						"exportQuality": 0.8,
						"imageSpriteId": 16254,
						"collisionPoly": {
							"points": [
								0.16060606060606056,
								0.09714285714285723,
								0.6818181818181811,
								0.12571428571428583,
								0.6181818181818182,
								0.9942857142857142,
								0.22121212121212114,
								0.9942857142857142
							]
						},
						"useCollisionPoly": true,
						"duration": 1
					}
				],
				"sid": 367612592179504,
				"name": "Смерть",
				"isLooping": false,
				"isPingPong": false,
				"repeatCount": 1,
				"repeatTo": 0,
				"speed": 3
			}
		],
		"subfolders": []
	}
}