{
	"name": "Spike",
	"plugin-id": "Sprite",
	"sid": 316848662111077,
	"isGlobal": false,
	"instanceVariables": [],
	"behaviorTypes": [],
	"effectTypes": [],
	"animations": {
		"items": [
			{
				"frames": [
					{
						"width": 880,
						"height": 455,
						"originX": 0.5,
						"originY": 0.5,
						"originalSource": "",
						"exportFormat": "lossless",
						"exportQuality": 0.8,
						"imageSpriteId": 2751710,
						"collisionPoly": {
							"points": [
								0.18181818181818155,
								0.004395604395604396,
								0.8215909090909093,
								0.006593406593406593,
								1,
								1,
								0,
								1
							]
						},
						"useCollisionPoly": true,
						"duration": 1
					}
				],
				"sid": 663035662573591,
				"name": "Default",
				"isLooping": false,
				"isPingPong": false,
				"repeatCount": 1,
				"repeatTo": 0,
				"speed": 5
			}
		],
		"subfolders": []
	}
}