{
	"name": "враг",
	"plugin-id": "Sprite",
	"sid": 243770282564111,
	"isGlobal": false,
	"instanceVariables": [],
	"behaviorTypes": [
		{
			"behaviorId": "Platform",
			"name": "Платформер",
			"sid": 859528029798575
		},
		{
			"behaviorId": "Sin",
			"name": "Синусоид",
			"sid": 869793320963545
		}
	],
	"effectTypes": [],
	"animations": {
		"items": [
			{
				"frames": [
					{
						"width": 1260,
						"height": 1400,
						"originX": 0.5,
						"originY": 0.5,
						"originalSource": "",
						"exportFormat": "lossless",
						"exportQuality": 0.8,
						"imageSpriteId": 184443,
						"collisionPoly": {
							"points": [
								0.23809526263205388,
								0.05428574162025014,
								0.8095239604052735,
								0.11142861744026185,
								0.9587301772118996,
								0.9599999293785577,
								0.015873074345775718,
								0.9314285873809425
							]
						},
						"useCollisionPoly": true,
						"duration": 1
					}
				],
				"sid": 460678514263965,
				"name": "Default",
				"isLooping": false,
				"isPingPong": false,
				"repeatCount": 1,
				"repeatTo": 0,
				"speed": 5
			}
		],
		"subfolders": []
	}
}